parent_pack_id,scene_pack_id,scene_id,turn_id_start,turn_id_end,turn_id_start_original,turn_id_end_original,turn_count,token_est,llm_readability_score
688c4b31-bf94-832c-9fdd-0ddc76890892::688c4b31-bf94-832c-9fdd-0ddc76890892::S4,688c4b31-bf94-832c-9fdd-0ddc76890892::688c4b31-bf94-832c-9fdd-0ddc76890892::S4::SC01,SC01,T0001,T0010,T0001,T0010,10,4379,90
688c4b31-bf94-832c-9fdd-0ddc76890892::688c4b31-bf94-832c-9fdd-0ddc76890892::S4,688c4b31-bf94-832c-9fdd-0ddc76890892::688c4b31-bf94-832c-9fdd-0ddc76890892::S4::SC02,SC02,T0011p01,T0011p01,T0011,T0011,1,4827,90
688c4b31-bf94-832c-9fdd-0ddc76890892::688c4b31-bf94-832c-9fdd-0ddc76890892::S4,688c4b31-bf94-832c-9fdd-0ddc76890892::688c4b31-bf94-832c-9fdd-0ddc76890892::S4::SC03,SC03,T0011p02,T0014,T0011,T0014,4,5614,95
688c4b31-bf94-832c-9fdd-0ddc76890892::688c4b31-bf94-832c-9fdd-0ddc76890892::S4,688c4b31-bf94-832c-9fdd-0ddc76890892::688c4b31-bf94-832c-9fdd-0ddc76890892::S4::SC04,SC04,T0015,T0030,T0015,T0030,16,7084,95
688c4b31-bf94-832c-9fdd-0ddc76890892::688c4b31-bf94-832c-9fdd-0ddc76890892::S4,688c4b31-bf94-832c-9fdd-0ddc76890892::688c4b31-bf94-832c-9fdd-0ddc76890892::S4::SC05,SC05,T0031,T0045,T0031,T0045,15,7459,95
688c4b31-bf94-832c-9fdd-0ddc76890892::688c4b31-bf94-832c-9fdd-0ddc76890892::S4,688c4b31-bf94-832c-9fdd-0ddc76890892::688c4b31-bf94-832c-9fdd-0ddc76890892::S4::SC06,SC06,T0046,T0057,T0046,T0057,12,7786,90
688c4b31-bf94-832c-9fdd-0ddc76890892::688c4b31-bf94-832c-9fdd-0ddc76890892::S4,688c4b31-bf94-832c-9fdd-0ddc76890892::688c4b31-bf94-832c-9fdd-0ddc76890892::S4::SC07,SC07,T0058,T0061,T0058,T0061,4,7441,90
688c4b31-bf94-832c-9fdd-0ddc76890892::688c4b31-bf94-832c-9fdd-0ddc76890892::S4,688c4b31-bf94-832c-9fdd-0ddc76890892::688c4b31-bf94-832c-9fdd-0ddc76890892::S4::SC08,SC08,T0062,T0067,T0062,T0067,6,6183,90
688c4b31-bf94-832c-9fdd-0ddc76890892::688c4b31-bf94-832c-9fdd-0ddc76890892::S4,688c4b31-bf94-832c-9fdd-0ddc76890892::688c4b31-bf94-832c-9fdd-0ddc76890892::S4::SC09,SC09,T0068,T0075,T0068,T0075,8,7376,90
688c4b31-bf94-832c-9fdd-0ddc76890892::688c4b31-bf94-832c-9fdd-0ddc76890892::S4,688c4b31-bf94-832c-9fdd-0ddc76890892::688c4b31-bf94-832c-9fdd-0ddc76890892::S4::SC10,SC10,T0076,T0089,T0076,T0089,14,7560,90
688c4b31-bf94-832c-9fdd-0ddc76890892::688c4b31-bf94-832c-9fdd-0ddc76890892::S4,688c4b31-bf94-832c-9fdd-0ddc76890892::688c4b31-bf94-832c-9fdd-0ddc76890892::S4::SC11,SC11,T0090,T0095,T0090,T0095,6,4838,90
6892ccb1-4dfc-8333-b76d-9bae58cdde99::6892ccb1-4dfc-8333-b76d-9bae58cdde99::S1,6892ccb1-4dfc-8333-b76d-9bae58cdde99::6892ccb1-4dfc-8333-b76d-9bae58cdde99::S1::SC01,SC01,T0001,T0015,T0001,T0015,15,7473,90
6892ccb1-4dfc-8333-b76d-9bae58cdde99::6892ccb1-4dfc-8333-b76d-9bae58cdde99::S1,6892ccb1-4dfc-8333-b76d-9bae58cdde99::6892ccb1-4dfc-8333-b76d-9bae58cdde99::S1::SC02,SC02,T0016,T0022,T0016,T0022,7,2532,95
6892ccb1-4dfc-8333-b76d-9bae58cdde99::6892ccb1-4dfc-8333-b76d-9bae58cdde99::S1,6892ccb1-4dfc-8333-b76d-9bae58cdde99::6892ccb1-4dfc-8333-b76d-9bae58cdde99::S1::SC03,SC03,T0023p01,T0023p01,T0023,T0023,1,6281,95
6892ccb1-4dfc-8333-b76d-9bae58cdde99::6892ccb1-4dfc-8333-b76d-9bae58cdde99::S1,6892ccb1-4dfc-8333-b76d-9bae58cdde99::6892ccb1-4dfc-8333-b76d-9bae58cdde99::S1::SC04,SC04,T0023p02,T0023p02,T0023,T0023,1,6316,65
6892ccb1-4dfc-8333-b76d-9bae58cdde99::6892ccb1-4dfc-8333-b76d-9bae58cdde99::S1,6892ccb1-4dfc-8333-b76d-9bae58cdde99::6892ccb1-4dfc-8333-b76d-9bae58cdde99::S1::SC05,SC05,T0023p03,T0023p03,T0023,T0023,1,4860,60
6892ccb1-4dfc-8333-b76d-9bae58cdde99::6892ccb1-4dfc-8333-b76d-9bae58cdde99::S1,6892ccb1-4dfc-8333-b76d-9bae58cdde99::6892ccb1-4dfc-8333-b76d-9bae58cdde99::S1::SC06,SC06,T0023p04,T0023p04,T0023,T0023,1,5528,90
6892ccb1-4dfc-8333-b76d-9bae58cdde99::6892ccb1-4dfc-8333-b76d-9bae58cdde99::S1,6892ccb1-4dfc-8333-b76d-9bae58cdde99::6892ccb1-4dfc-8333-b76d-9bae58cdde99::S1::SC07,SC07,T0023p05,T0025,T0023,T0025,3,4509,90
6892ccb1-4dfc-8333-b76d-9bae58cdde99::6892ccb1-4dfc-8333-b76d-9bae58cdde99::S1,6892ccb1-4dfc-8333-b76d-9bae58cdde99::6892ccb1-4dfc-8333-b76d-9bae58cdde99::S1::SC08,SC08,T0026p01,T0026p01,T0026,T0026,1,6343,95
6892ccb1-4dfc-8333-b76d-9bae58cdde99::6892ccb1-4dfc-8333-b76d-9bae58cdde99::S1,6892ccb1-4dfc-8333-b76d-9bae58cdde99::6892ccb1-4dfc-8333-b76d-9bae58cdde99::S1::SC09,SC09,T0026p02,T0028,T0026,T0028,4,7827,95
6892ccb1-4dfc-8333-b76d-9bae58cdde99::6892ccb1-4dfc-8333-b76d-9bae58cdde99::S1,6892ccb1-4dfc-8333-b76d-9bae58cdde99::6892ccb1-4dfc-8333-b76d-9bae58cdde99::S1::SC10,SC10,T0029,T0037,T0029,T0037,9,7226,60
6892ccb1-4dfc-8333-b76d-9bae58cdde99::6892ccb1-4dfc-8333-b76d-9bae58cdde99::S1,6892ccb1-4dfc-8333-b76d-9bae58cdde99::6892ccb1-4dfc-8333-b76d-9bae58cdde99::S1::SC11,SC11,T0038,T0042,T0038,T0042,5,7769,90
6892ccb1-4dfc-8333-b76d-9bae58cdde99::6892ccb1-4dfc-8333-b76d-9bae58cdde99::S1,6892ccb1-4dfc-8333-b76d-9bae58cdde99::6892ccb1-4dfc-8333-b76d-9bae58cdde99::S1::SC12,SC12,T0043,T0052,T0043,T0052,10,7372,90
6892ccb1-4dfc-8333-b76d-9bae58cdde99::6892ccb1-4dfc-8333-b76d-9bae58cdde99::S1,6892ccb1-4dfc-8333-b76d-9bae58cdde99::6892ccb1-4dfc-8333-b76d-9bae58cdde99::S1::SC13,SC13,T0053,T0071,T0053,T0071,19,6814,90
6892ccb1-4dfc-8333-b76d-9bae58cdde99::6892ccb1-4dfc-8333-b76d-9bae58cdde99::S1,6892ccb1-4dfc-8333-b76d-9bae58cdde99::6892ccb1-4dfc-8333-b76d-9bae58cdde99::S1::SC14,SC14,T0072,T0077,T0072,T0077,6,2161,90
6892ccb1-4dfc-8333-b76d-9bae58cdde99::6892ccb1-4dfc-8333-b76d-9bae58cdde99::S1,6892ccb1-4dfc-8333-b76d-9bae58cdde99::6892ccb1-4dfc-8333-b76d-9bae58cdde99::S1::SC15,SC15,T0078p01,T0078p01,T0078,T0078,1,5798,90
6892ccb1-4dfc-8333-b76d-9bae58cdde99::6892ccb1-4dfc-8333-b76d-9bae58cdde99::S1,6892ccb1-4dfc-8333-b76d-9bae58cdde99::6892ccb1-4dfc-8333-b76d-9bae58cdde99::S1::SC16,SC16,T0078p02,T0078p02,T0078,T0078,1,6371,90
6892ccb1-4dfc-8333-b76d-9bae58cdde99::6892ccb1-4dfc-8333-b76d-9bae58cdde99::S1,6892ccb1-4dfc-8333-b76d-9bae58cdde99::6892ccb1-4dfc-8333-b76d-9bae58cdde99::S1::SC17,SC17,T0078p03,T0084,T0078,T0084,7,5887,90
689c1fa4-b46c-8327-accb-c92ef797b959::689c1fa4-b46c-8327-accb-c92ef797b959::S1,689c1fa4-b46c-8327-accb-c92ef797b959::689c1fa4-b46c-8327-accb-c92ef797b959::S1::SC01,SC01,T0001,T0006,T0001,T0006,6,7384,95
689c1fa4-b46c-8327-accb-c92ef797b959::689c1fa4-b46c-8327-accb-c92ef797b959::S1,689c1fa4-b46c-8327-accb-c92ef797b959::689c1fa4-b46c-8327-accb-c92ef797b959::S1::SC02,SC02,T0007,T0014,T0007,T0014,8,5208,95
689c1fa4-b46c-8327-accb-c92ef797b959::689c1fa4-b46c-8327-accb-c92ef797b959::S1,689c1fa4-b46c-8327-accb-c92ef797b959::689c1fa4-b46c-8327-accb-c92ef797b959::S1::SC03,SC03,T0015,T0019,T0015,T0019,5,5341,90
689c1fa4-b46c-8327-accb-c92ef797b959::689c1fa4-b46c-8327-accb-c92ef797b959::S1,689c1fa4-b46c-8327-accb-c92ef797b959::689c1fa4-b46c-8327-accb-c92ef797b959::S1::SC04,SC04,T0020,T0020,T0020,T0020,1,6857,95
689c1fa4-b46c-8327-accb-c92ef797b959::689c1fa4-b46c-8327-accb-c92ef797b959::S1,689c1fa4-b46c-8327-accb-c92ef797b959::689c1fa4-b46c-8327-accb-c92ef797b959::S1::SC05,SC05,T0021,T0022,T0021,T0022,2,5919,90
689c1fa4-b46c-8327-accb-c92ef797b959::689c1fa4-b46c-8327-accb-c92ef797b959::S1,689c1fa4-b46c-8327-accb-c92ef797b959::689c1fa4-b46c-8327-accb-c92ef797b959::S1::SC06,SC06,T0023,T0026,T0023,T0026,4,7731,90
689c1fa4-b46c-8327-accb-c92ef797b959::689c1fa4-b46c-8327-accb-c92ef797b959::S1,689c1fa4-b46c-8327-accb-c92ef797b959::689c1fa4-b46c-8327-accb-c92ef797b959::S1::SC07,SC07,T0027,T0028,T0027,T0028,2,3420,90
689c1fa4-b46c-8327-accb-c92ef797b959::689c1fa4-b46c-8327-accb-c92ef797b959::S1,689c1fa4-b46c-8327-accb-c92ef797b959::689c1fa4-b46c-8327-accb-c92ef797b959::S1::SC08,SC08,T0029,T0030,T0029,T0030,2,7606,90
689c1fa4-b46c-8327-accb-c92ef797b959::689c1fa4-b46c-8327-accb-c92ef797b959::S1,689c1fa4-b46c-8327-accb-c92ef797b959::689c1fa4-b46c-8327-accb-c92ef797b959::S1::SC09,SC09,T0031,T0031,T0031,T0031,1,1394,95
689e39cb-ec44-832e-9a64-7eba35b96ad5::689e39cb-ec44-832e-9a64-7eba35b96ad5::S5,689e39cb-ec44-832e-9a64-7eba35b96ad5::689e39cb-ec44-832e-9a64-7eba35b96ad5::S5::SC01,SC01,T0001p01,T0001p01,T0001,T0001,1,5707,90
689e39cb-ec44-832e-9a64-7eba35b96ad5::689e39cb-ec44-832e-9a64-7eba35b96ad5::S5,689e39cb-ec44-832e-9a64-7eba35b96ad5::689e39cb-ec44-832e-9a64-7eba35b96ad5::S5::SC02,SC02,T0001p02,T0001p02,T0001,T0001,1,5795,90
689e39cb-ec44-832e-9a64-7eba35b96ad5::689e39cb-ec44-832e-9a64-7eba35b96ad5::S5,689e39cb-ec44-832e-9a64-7eba35b96ad5::689e39cb-ec44-832e-9a64-7eba35b96ad5::S5::SC03,SC03,T0001p03,T0002,T0001,T0002,2,4432,90
689e39cb-ec44-832e-9a64-7eba35b96ad5::689e39cb-ec44-832e-9a64-7eba35b96ad5::S5,689e39cb-ec44-832e-9a64-7eba35b96ad5::689e39cb-ec44-832e-9a64-7eba35b96ad5::S5::SC04,SC04,T0003p01,T0003p01,T0003,T0003,1,6000,90
689e39cb-ec44-832e-9a64-7eba35b96ad5::689e39cb-ec44-832e-9a64-7eba35b96ad5::S5,689e39cb-ec44-832e-9a64-7eba35b96ad5::689e39cb-ec44-832e-9a64-7eba35b96ad5::S5::SC05,SC05,T0003p02,T0003p02,T0003,T0003,1,2949,90
689e39cb-ec44-832e-9a64-7eba35b96ad5::689e39cb-ec44-832e-9a64-7eba35b96ad5::S5,689e39cb-ec44-832e-9a64-7eba35b96ad5::689e39cb-ec44-832e-9a64-7eba35b96ad5::S5::SC06,SC06,T0003p03,T0003p04,T0003,T0003,2,6999,95
689e39cb-ec44-832e-9a64-7eba35b96ad5::689e39cb-ec44-832e-9a64-7eba35b96ad5::S5,689e39cb-ec44-832e-9a64-7eba35b96ad5::689e39cb-ec44-832e-9a64-7eba35b96ad5::S5::SC07,SC07,T0003p05,T0004,T0003,T0004,2,5062,90
689e39cb-ec44-832e-9a64-7eba35b96ad5::689e39cb-ec44-832e-9a64-7eba35b96ad5::S5,689e39cb-ec44-832e-9a64-7eba35b96ad5::689e39cb-ec44-832e-9a64-7eba35b96ad5::S5::SC08,SC08,T0005p01,T0005p01,T0005,T0005,1,4571,90
689e39cb-ec44-832e-9a64-7eba35b96ad5::689e39cb-ec44-832e-9a64-7eba35b96ad5::S5,689e39cb-ec44-832e-9a64-7eba35b96ad5::689e39cb-ec44-832e-9a64-7eba35b96ad5::S5::SC09,SC09,T0005p02,T0005p03,T0005,T0005,2,7569,90
689e39cb-ec44-832e-9a64-7eba35b96ad5::689e39cb-ec44-832e-9a64-7eba35b96ad5::S5,689e39cb-ec44-832e-9a64-7eba35b96ad5::689e39cb-ec44-832e-9a64-7eba35b96ad5::S5::SC10,SC10,T0006,T0008,T0006,T0008,3,5363,90
689e39cb-ec44-832e-9a64-7eba35b96ad5::689e39cb-ec44-832e-9a64-7eba35b96ad5::S5,689e39cb-ec44-832e-9a64-7eba35b96ad5::689e39cb-ec44-832e-9a64-7eba35b96ad5::S5::SC11,SC11,T0009,T0010,T0009,T0010,2,7490,90
689e39cb-ec44-832e-9a64-7eba35b96ad5::689e39cb-ec44-832e-9a64-7eba35b96ad5::S5,689e39cb-ec44-832e-9a64-7eba35b96ad5::689e39cb-ec44-832e-9a64-7eba35b96ad5::S5::SC12,SC12,T0011,T0012,T0011,T0012,2,7056,90
689e39cb-ec44-832e-9a64-7eba35b96ad5::689e39cb-ec44-832e-9a64-7eba35b96ad5::S10,689e39cb-ec44-832e-9a64-7eba35b96ad5::689e39cb-ec44-832e-9a64-7eba35b96ad5::S10::SC01,SC01,T0001,T0002,T0001,T0002,2,7184,90
689e39cb-ec44-832e-9a64-7eba35b96ad5::689e39cb-ec44-832e-9a64-7eba35b96ad5::S10,689e39cb-ec44-832e-9a64-7eba35b96ad5::689e39cb-ec44-832e-9a64-7eba35b96ad5::S10::SC02,SC02,T0003p01,T0003p01,T0003,T0003,1,5785,90
689e39cb-ec44-832e-9a64-7eba35b96ad5::689e39cb-ec44-832e-9a64-7eba35b96ad5::S10,689e39cb-ec44-832e-9a64-7eba35b96ad5::689e39cb-ec44-832e-9a64-7eba35b96ad5::S10::SC03,SC03,T0003p02,T0003p02,T0003,T0003,1,5777,90
689e39cb-ec44-832e-9a64-7eba35b96ad5::689e39cb-ec44-832e-9a64-7eba35b96ad5::S10,689e39cb-ec44-832e-9a64-7eba35b96ad5::689e39cb-ec44-832e-9a64-7eba35b96ad5::S10::SC04,SC04,T0003p03,T0003p03,T0003,T0003,1,6205,90
689e39cb-ec44-832e-9a64-7eba35b96ad5::689e39cb-ec44-832e-9a64-7eba35b96ad5::S10,689e39cb-ec44-832e-9a64-7eba35b96ad5::689e39cb-ec44-832e-9a64-7eba35b96ad5::S10::SC05,SC05,T0003p04,T0003p04,T0003,T0003,1,5982,90
689e39cb-ec44-832e-9a64-7eba35b96ad5::689e39cb-ec44-832e-9a64-7eba35b96ad5::S10,689e39cb-ec44-832e-9a64-7eba35b96ad5::689e39cb-ec44-832e-9a64-7eba35b96ad5::S10::SC06,SC06,T0004,T0004,T0004,T0004,1,7970,90
689e39cb-ec44-832e-9a64-7eba35b96ad5::689e39cb-ec44-832e-9a64-7eba35b96ad5::S10,689e39cb-ec44-832e-9a64-7eba35b96ad5::689e39cb-ec44-832e-9a64-7eba35b96ad5::S10::SC07,SC07,T0005,T0005,T0005,T0005,1,2418,90
689e39cb-ec44-832e-9a64-7eba35b96ad5::689e39cb-ec44-832e-9a64-7eba35b96ad5::S10,689e39cb-ec44-832e-9a64-7eba35b96ad5::689e39cb-ec44-832e-9a64-7eba35b96ad5::S10::SC08,SC08,T0006p01,T0006p01,T0006,T0006,1,6422,90
689e39cb-ec44-832e-9a64-7eba35b96ad5::689e39cb-ec44-832e-9a64-7eba35b96ad5::S10,689e39cb-ec44-832e-9a64-7eba35b96ad5::689e39cb-ec44-832e-9a64-7eba35b96ad5::S10::SC09,SC09,T0006p02,T0006p02,T0006,T0006,1,2950,90
689e39cb-ec44-832e-9a64-7eba35b96ad5::689e39cb-ec44-832e-9a64-7eba35b96ad5::S11,689e39cb-ec44-832e-9a64-7eba35b96ad5::689e39cb-ec44-832e-9a64-7eba35b96ad5::S11::SC01,SC01,T0001p01,T0001p01,T0001,T0001,1,6441,90
689e39cb-ec44-832e-9a64-7eba35b96ad5::689e39cb-ec44-832e-9a64-7eba35b96ad5::S11,689e39cb-ec44-832e-9a64-7eba35b96ad5::689e39cb-ec44-832e-9a64-7eba35b96ad5::S11::SC02,SC02,T0001p02,T0001p02,T0001,T0001,1,5982,90
689e39cb-ec44-832e-9a64-7eba35b96ad5::689e39cb-ec44-832e-9a64-7eba35b96ad5::S11,689e39cb-ec44-832e-9a64-7eba35b96ad5::689e39cb-ec44-832e-9a64-7eba35b96ad5::S11::SC03,SC03,T0002p01,T0002p01,T0002,T0002,1,6371,90
689e39cb-ec44-832e-9a64-7eba35b96ad5::689e39cb-ec44-832e-9a64-7eba35b96ad5::S11,689e39cb-ec44-832e-9a64-7eba35b96ad5::689e39cb-ec44-832e-9a64-7eba35b96ad5::S11::SC04,SC04,T0002p02,T0003,T0002,T0003,2,6382,90
689e39cb-ec44-832e-9a64-7eba35b96ad5::689e39cb-ec44-832e-9a64-7eba35b96ad5::S11,689e39cb-ec44-832e-9a64-7eba35b96ad5::689e39cb-ec44-832e-9a64-7eba35b96ad5::S11::SC05,SC05,T0004,T0004,T0004,T0004,1,2632,90
689e39cb-ec44-832e-9a64-7eba35b96ad5::689e39cb-ec44-832e-9a64-7eba35b96ad5::S11,689e39cb-ec44-832e-9a64-7eba35b96ad5::689e39cb-ec44-832e-9a64-7eba35b96ad5::S11::SC06,SC06,T0005,T0005,T0005,T0005,1,6373,90
689e39cb-ec44-832e-9a64-7eba35b96ad5::689e39cb-ec44-832e-9a64-7eba35b96ad5::S11,689e39cb-ec44-832e-9a64-7eba35b96ad5::689e39cb-ec44-832e-9a64-7eba35b96ad5::S11::SC07,SC07,T0006,T0007,T0006,T0007,2,5352,90
689e39cb-ec44-832e-9a64-7eba35b96ad5::689e39cb-ec44-832e-9a64-7eba35b96ad5::S11,689e39cb-ec44-832e-9a64-7eba35b96ad5::689e39cb-ec44-832e-9a64-7eba35b96ad5::S11::SC08,SC08,T0008,T0011,T0008,T0011,4,3060,90
689e39cb-ec44-832e-9a64-7eba35b96ad5::689e39cb-ec44-832e-9a64-7eba35b96ad5::S11,689e39cb-ec44-832e-9a64-7eba35b96ad5::689e39cb-ec44-832e-9a64-7eba35b96ad5::S11::SC09,SC09,T0012p01,T0012p01,T0012,T0012,1,6439,90
689e39cb-ec44-832e-9a64-7eba35b96ad5::689e39cb-ec44-832e-9a64-7eba35b96ad5::S11,689e39cb-ec44-832e-9a64-7eba35b96ad5::689e39cb-ec44-832e-9a64-7eba35b96ad5::S11::SC10,SC10,T0012p02,T0013,T0012,T0013,2,2827,90
689e39cb-ec44-832e-9a64-7eba35b96ad5::689e39cb-ec44-832e-9a64-7eba35b96ad5::S11,689e39cb-ec44-832e-9a64-7eba35b96ad5::689e39cb-ec44-832e-9a64-7eba35b96ad5::S11::SC11,SC11,T0014p01,T0014p01,T0014,T0014,1,6302,90
689e39cb-ec44-832e-9a64-7eba35b96ad5::689e39cb-ec44-832e-9a64-7eba35b96ad5::S11,689e39cb-ec44-832e-9a64-7eba35b96ad5::689e39cb-ec44-832e-9a64-7eba35b96ad5::S11::SC12,SC12,T0014p02,T0016,T0014,T0016,3,2282,90
689e39cb-ec44-832e-9a64-7eba35b96ad5::689e39cb-ec44-832e-9a64-7eba35b96ad5::S11,689e39cb-ec44-832e-9a64-7eba35b96ad5::689e39cb-ec44-832e-9a64-7eba35b96ad5::S11::SC13,SC13,T0017,T0017,T0017,T0017,1,7771,90
689e39cb-ec44-832e-9a64-7eba35b96ad5::689e39cb-ec44-832e-9a64-7eba35b96ad5::S11,689e39cb-ec44-832e-9a64-7eba35b96ad5::689e39cb-ec44-832e-9a64-7eba35b96ad5::S11::SC14,SC14,T0018,T0027,T0018,T0027,10,2075,90
689e39cb-ec44-832e-9a64-7eba35b96ad5::689e39cb-ec44-832e-9a64-7eba35b96ad5::S11,689e39cb-ec44-832e-9a64-7eba35b96ad5::689e39cb-ec44-832e-9a64-7eba35b96ad5::S11::SC15,SC15,T0028,T0028,T0028,T0028,1,7495,90
689e39cb-ec44-832e-9a64-7eba35b96ad5::689e39cb-ec44-832e-9a64-7eba35b96ad5::S11,689e39cb-ec44-832e-9a64-7eba35b96ad5::689e39cb-ec44-832e-9a64-7eba35b96ad5::S11::SC16,SC16,T0029,T0030,T0029,T0030,2,1133,95
68a4bc27-3548-832d-9dd3-199d43f37abb::68a4bc27-3548-832d-9dd3-199d43f37abb::S1,68a4bc27-3548-832d-9dd3-199d43f37abb::68a4bc27-3548-832d-9dd3-199d43f37abb::S1::SC01,SC01,T0001,T0009p01,T0001,T0009,9,7442,95
68a4bc27-3548-832d-9dd3-199d43f37abb::68a4bc27-3548-832d-9dd3-199d43f37abb::S1,68a4bc27-3548-832d-9dd3-199d43f37abb::68a4bc27-3548-832d-9dd3-199d43f37abb::S1::SC02,SC02,T0009p02,T0009p02,T0009,T0009,1,4881,95
68a4bc27-3548-832d-9dd3-199d43f37abb::68a4bc27-3548-832d-9dd3-199d43f37abb::S1,68a4bc27-3548-832d-9dd3-199d43f37abb::68a4bc27-3548-832d-9dd3-199d43f37abb::S1::SC03,SC03,T0010p01,T0010p01,T0010,T0010,1,6419,95
68a4bc27-3548-832d-9dd3-199d43f37abb::68a4bc27-3548-832d-9dd3-199d43f37abb::S1,68a4bc27-3548-832d-9dd3-199d43f37abb::68a4bc27-3548-832d-9dd3-199d43f37abb::S1::SC04,SC04,T0010p02,T0010p02,T0010,T0010,1,6396,95
68a4bc27-3548-832d-9dd3-199d43f37abb::68a4bc27-3548-832d-9dd3-199d43f37abb::S1,68a4bc27-3548-832d-9dd3-199d43f37abb::68a4bc27-3548-832d-9dd3-199d43f37abb::S1::SC05,SC05,T0010p03,T0010p03,T0010,T0010,1,4386,95
68a4bc27-3548-832d-9dd3-199d43f37abb::68a4bc27-3548-832d-9dd3-199d43f37abb::S1,68a4bc27-3548-832d-9dd3-199d43f37abb::68a4bc27-3548-832d-9dd3-199d43f37abb::S1::SC06,SC06,T0010p04,T0021,T0010,T0021,12,6713,95
68a4bc27-3548-832d-9dd3-199d43f37abb::68a4bc27-3548-832d-9dd3-199d43f37abb::S1,68a4bc27-3548-832d-9dd3-199d43f37abb::68a4bc27-3548-832d-9dd3-199d43f37abb::S1::SC07,SC07,T0022,T0036,T0022,T0036,15,7241,95
68a4bc27-3548-832d-9dd3-199d43f37abb::68a4bc27-3548-832d-9dd3-199d43f37abb::S1,68a4bc27-3548-832d-9dd3-199d43f37abb::68a4bc27-3548-832d-9dd3-199d43f37abb::S1::SC08,SC08,T0037,T0054,T0037,T0054,18,7826,95
68a4bc27-3548-832d-9dd3-199d43f37abb::68a4bc27-3548-832d-9dd3-199d43f37abb::S1,68a4bc27-3548-832d-9dd3-199d43f37abb::68a4bc27-3548-832d-9dd3-199d43f37abb::S1::SC09,SC09,T0055,T0088,T0055,T0088,34,7806,90
68a4bc27-3548-832d-9dd3-199d43f37abb::68a4bc27-3548-832d-9dd3-199d43f37abb::S1,68a4bc27-3548-832d-9dd3-199d43f37abb::68a4bc27-3548-832d-9dd3-199d43f37abb::S1::SC10,SC10,T0089,T0095,T0089,T0095,7,6336,95
68a4bc27-3548-832d-9dd3-199d43f37abb::68a4bc27-3548-832d-9dd3-199d43f37abb::S1,68a4bc27-3548-832d-9dd3-199d43f37abb::68a4bc27-3548-832d-9dd3-199d43f37abb::S1::SC11,SC11,T0096,T0098,T0096,T0098,3,2360,90
68ad55ef-6f7c-8322-a557-fa73bb26732c::68ad55ef-6f7c-8322-a557-fa73bb26732c::S3,68ad55ef-6f7c-8322-a557-fa73bb26732c::68ad55ef-6f7c-8322-a557-fa73bb26732c::S3::SC01,SC01,T0001,T0019,T0001,T0019,19,5142,90
68ad55ef-6f7c-8322-a557-fa73bb26732c::68ad55ef-6f7c-8322-a557-fa73bb26732c::S3,68ad55ef-6f7c-8322-a557-fa73bb26732c::68ad55ef-6f7c-8322-a557-fa73bb26732c::S3::SC02,SC02,T0020,T0021,T0020,T0021,2,4396,95
68ad55ef-6f7c-8322-a557-fa73bb26732c::68ad55ef-6f7c-8322-a557-fa73bb26732c::S3,68ad55ef-6f7c-8322-a557-fa73bb26732c::68ad55ef-6f7c-8322-a557-fa73bb26732c::S3::SC03,SC03,T0022p01,T0022p01,T0022,T0022,1,6229,95
68ad55ef-6f7c-8322-a557-fa73bb26732c::68ad55ef-6f7c-8322-a557-fa73bb26732c::S3,68ad55ef-6f7c-8322-a557-fa73bb26732c::68ad55ef-6f7c-8322-a557-fa73bb26732c::S3::SC04,SC04,T0022p02,T0027,T0022,T0027,6,3483,95
68ad55ef-6f7c-8322-a557-fa73bb26732c::68ad55ef-6f7c-8322-a557-fa73bb26732c::S3,68ad55ef-6f7c-8322-a557-fa73bb26732c::68ad55ef-6f7c-8322-a557-fa73bb26732c::S3::SC05,SC05,T0028,T0029,T0028,T0029,2,4729,90
68ad55ef-6f7c-8322-a557-fa73bb26732c::68ad55ef-6f7c-8322-a557-fa73bb26732c::S3,68ad55ef-6f7c-8322-a557-fa73bb26732c::68ad55ef-6f7c-8322-a557-fa73bb26732c::S3::SC06,SC06,T0030,T0053,T0030,T0053,24,7586,95
68ad55ef-6f7c-8322-a557-fa73bb26732c::68ad55ef-6f7c-8322-a557-fa73bb26732c::S3,68ad55ef-6f7c-8322-a557-fa73bb26732c::68ad55ef-6f7c-8322-a557-fa73bb26732c::S3::SC07,SC07,T0054,T0070,T0054,T0070,17,7602,90
68ad55ef-6f7c-8322-a557-fa73bb26732c::68ad55ef-6f7c-8322-a557-fa73bb26732c::S3,68ad55ef-6f7c-8322-a557-fa73bb26732c::68ad55ef-6f7c-8322-a557-fa73bb26732c::S3::SC08,SC08,T0071,T0075,T0071,T0075,5,7831,90
68ad55ef-6f7c-8322-a557-fa73bb26732c::68ad55ef-6f7c-8322-a557-fa73bb26732c::S3,68ad55ef-6f7c-8322-a557-fa73bb26732c::68ad55ef-6f7c-8322-a557-fa73bb26732c::S3::SC09,SC09,T0076,T0079,T0076,T0079,4,6868,90
68ad55ef-6f7c-8322-a557-fa73bb26732c::68ad55ef-6f7c-8322-a557-fa73bb26732c::S3,68ad55ef-6f7c-8322-a557-fa73bb26732c::68ad55ef-6f7c-8322-a557-fa73bb26732c::S3::SC10,SC10,T0080,T0082,T0080,T0082,3,2417,95
68b3f984-9a38-832a-9020-cf2015255162::68b3f984-9a38-832a-9020-cf2015255162::S1,68b3f984-9a38-832a-9020-cf2015255162::68b3f984-9a38-832a-9020-cf2015255162::S1::SC01,SC01,T0001,T0004,T0001,T0004,4,7363,90
68b3f984-9a38-832a-9020-cf2015255162::68b3f984-9a38-832a-9020-cf2015255162::S1,68b3f984-9a38-832a-9020-cf2015255162::68b3f984-9a38-832a-9020-cf2015255162::S1::SC02,SC02,T0005,T0008,T0005,T0008,4,2724,90
68b3f984-9a38-832a-9020-cf2015255162::68b3f984-9a38-832a-9020-cf2015255162::S1,68b3f984-9a38-832a-9020-cf2015255162::68b3f984-9a38-832a-9020-cf2015255162::S1::SC03,SC03,T0009,T0009,T0009,T0009,1,6613,95
68b3f984-9a38-832a-9020-cf2015255162::68b3f984-9a38-832a-9020-cf2015255162::S1,68b3f984-9a38-832a-9020-cf2015255162::68b3f984-9a38-832a-9020-cf2015255162::S1::SC04,SC04,T0010,T0014,T0010,T0014,5,7470,90
68b3f984-9a38-832a-9020-cf2015255162::68b3f984-9a38-832a-9020-cf2015255162::S1,68b3f984-9a38-832a-9020-cf2015255162::68b3f984-9a38-832a-9020-cf2015255162::S1::SC05,SC05,T0015,T0016,T0015,T0016,2,3511,90
68b3f984-9a38-832a-9020-cf2015255162::68b3f984-9a38-832a-9020-cf2015255162::S1,68b3f984-9a38-832a-9020-cf2015255162::68b3f984-9a38-832a-9020-cf2015255162::S1::SC06,SC06,T0017,T0019,T0017,T0019,3,7448,90
68b3f984-9a38-832a-9020-cf2015255162::68b3f984-9a38-832a-9020-cf2015255162::S1,68b3f984-9a38-832a-9020-cf2015255162::68b3f984-9a38-832a-9020-cf2015255162::S1::SC07,SC07,T0020,T0022,T0020,T0022,3,7644,90
68b3f984-9a38-832a-9020-cf2015255162::68b3f984-9a38-832a-9020-cf2015255162::S1,68b3f984-9a38-832a-9020-cf2015255162::68b3f984-9a38-832a-9020-cf2015255162::S1::SC08,SC08,T0023p01,T0023p01,T0023,T0023,1,6380,95
68b3f984-9a38-832a-9020-cf2015255162::68b3f984-9a38-832a-9020-cf2015255162::S1,68b3f984-9a38-832a-9020-cf2015255162::68b3f984-9a38-832a-9020-cf2015255162::S1::SC09,SC09,T0023p02,T0025,T0023,T0025,3,3018,90
68b3f984-9a38-832a-9020-cf2015255162::68b3f984-9a38-832a-9020-cf2015255162::S1,68b3f984-9a38-832a-9020-cf2015255162::68b3f984-9a38-832a-9020-cf2015255162::S1::SC10,SC10,T0026p01,T0026p01,T0026,T0026,1,6429,90
68b3f984-9a38-832a-9020-cf2015255162::68b3f984-9a38-832a-9020-cf2015255162::S1,68b3f984-9a38-832a-9020-cf2015255162::68b3f984-9a38-832a-9020-cf2015255162::S1::SC11,SC11,T0026p02,T0027,T0026,T0027,2,2199,90
68bee504-473c-8325-8f60-49c0199044e8::68bee504-473c-8325-8f60-49c0199044e8::S1,68bee504-473c-8325-8f60-49c0199044e8::68bee504-473c-8325-8f60-49c0199044e8::S1::SC01,SC01,T0001,T0002,T0001,T0002,2,2436,90
68bee504-473c-8325-8f60-49c0199044e8::68bee504-473c-8325-8f60-49c0199044e8::S1,68bee504-473c-8325-8f60-49c0199044e8::68bee504-473c-8325-8f60-49c0199044e8::S1::SC02,SC02,T0003p01,T0003p01,T0003,T0003,1,6379,95
68bee504-473c-8325-8f60-49c0199044e8::68bee504-473c-8325-8f60-49c0199044e8::S1,68bee504-473c-8325-8f60-49c0199044e8::68bee504-473c-8325-8f60-49c0199044e8::S1::SC03,SC03,T0003p02,T0003p02,T0003,T0003,1,6371,90
68bee504-473c-8325-8f60-49c0199044e8::68bee504-473c-8325-8f60-49c0199044e8::S1,68bee504-473c-8325-8f60-49c0199044e8::68bee504-473c-8325-8f60-49c0199044e8::S1::SC04,SC04,T0003p03,T0003p03,T0003,T0003,1,6016,90
68bee504-473c-8325-8f60-49c0199044e8::68bee504-473c-8325-8f60-49c0199044e8::S1,68bee504-473c-8325-8f60-49c0199044e8::68bee504-473c-8325-8f60-49c0199044e8::S1::SC05,SC05,T0004p01,T0004p01,T0004,T0004,1,6379,95
68bee504-473c-8325-8f60-49c0199044e8::68bee504-473c-8325-8f60-49c0199044e8::S1,68bee504-473c-8325-8f60-49c0199044e8::68bee504-473c-8325-8f60-49c0199044e8::S1::SC06,SC06,T0004p02,T0004p02,T0004,T0004,1,6371,90
68bee504-473c-8325-8f60-49c0199044e8::68bee504-473c-8325-8f60-49c0199044e8::S1,68bee504-473c-8325-8f60-49c0199044e8::68bee504-473c-8325-8f60-49c0199044e8::S1::SC07,SC07,T0004p03,T0007,T0004,T0007,4,6543,90
68bee504-473c-8325-8f60-49c0199044e8::68bee504-473c-8325-8f60-49c0199044e8::S1,68bee504-473c-8325-8f60-49c0199044e8::68bee504-473c-8325-8f60-49c0199044e8::S1::SC08,SC08,T0008,T0010,T0008,T0010,3,4811,90
68bee504-473c-8325-8f60-49c0199044e8::68bee504-473c-8325-8f60-49c0199044e8::S1,68bee504-473c-8325-8f60-49c0199044e8::68bee504-473c-8325-8f60-49c0199044e8::S1::SC09,SC09,T0011,T0011,T0011,T0011,1,6396,65
68bee504-473c-8325-8f60-49c0199044e8::68bee504-473c-8325-8f60-49c0199044e8::S1,68bee504-473c-8325-8f60-49c0199044e8::68bee504-473c-8325-8f60-49c0199044e8::S1::SC10,SC10,T0012,T0016,T0012,T0016,5,6042,90
68bee504-473c-8325-8f60-49c0199044e8::68bee504-473c-8325-8f60-49c0199044e8::S1,68bee504-473c-8325-8f60-49c0199044e8::68bee504-473c-8325-8f60-49c0199044e8::S1::SC11,SC11,T0017,T0019,T0017,T0019,3,4667,90
68bee504-473c-8325-8f60-49c0199044e8::68bee504-473c-8325-8f60-49c0199044e8::S1,68bee504-473c-8325-8f60-49c0199044e8::68bee504-473c-8325-8f60-49c0199044e8::S1::SC12,SC12,T0020p01,T0020p01,T0020,T0020,1,6431,95
68bee504-473c-8325-8f60-49c0199044e8::68bee504-473c-8325-8f60-49c0199044e8::S1,68bee504-473c-8325-8f60-49c0199044e8::68bee504-473c-8325-8f60-49c0199044e8::S1::SC13,SC13,T0020p02,T0021,T0020,T0021,2,3712,90
68bee504-473c-8325-8f60-49c0199044e8::68bee504-473c-8325-8f60-49c0199044e8::S1,68bee504-473c-8325-8f60-49c0199044e8::68bee504-473c-8325-8f60-49c0199044e8::S1::SC14,SC14,T0022p01,T0022p01,T0022,T0022,1,6163,90
68bee504-473c-8325-8f60-49c0199044e8::68bee504-473c-8325-8f60-49c0199044e8::S1,68bee504-473c-8325-8f60-49c0199044e8::68bee504-473c-8325-8f60-49c0199044e8::S1::SC15,SC15,T0022p02,T0022p02,T0022,T0022,1,6116,95
68bee504-473c-8325-8f60-49c0199044e8::68bee504-473c-8325-8f60-49c0199044e8::S1,68bee504-473c-8325-8f60-49c0199044e8::68bee504-473c-8325-8f60-49c0199044e8::S1::SC16,SC16,T0023,T0024,T0023,T0024,2,7193,90
68bee504-473c-8325-8f60-49c0199044e8::68bee504-473c-8325-8f60-49c0199044e8::S1,68bee504-473c-8325-8f60-49c0199044e8::68bee504-473c-8325-8f60-49c0199044e8::S1::SC17,SC17,T0025,T0025,T0025,T0025,1,3056,90
68bee504-473c-8325-8f60-49c0199044e8::68bee504-473c-8325-8f60-49c0199044e8::S1,68bee504-473c-8325-8f60-49c0199044e8::68bee504-473c-8325-8f60-49c0199044e8::S1::SC18,SC18,T0026p01,T0026p01,T0026,T0026,1,6426,90
68bee504-473c-8325-8f60-49c0199044e8::68bee504-473c-8325-8f60-49c0199044e8::S1,68bee504-473c-8325-8f60-49c0199044e8::68bee504-473c-8325-8f60-49c0199044e8::S1::SC19,SC19,T0026p02,T0026p02,T0026,T0026,1,6365,90
68bee504-473c-8325-8f60-49c0199044e8::68bee504-473c-8325-8f60-49c0199044e8::S1,68bee504-473c-8325-8f60-49c0199044e8::68bee504-473c-8325-8f60-49c0199044e8::S1::SC20,SC20,T0026p03,T0026p03,T0026,T0026,1,6390,90
68bee504-473c-8325-8f60-49c0199044e8::68bee504-473c-8325-8f60-49c0199044e8::S1,68bee504-473c-8325-8f60-49c0199044e8::68bee504-473c-8325-8f60-49c0199044e8::S1::SC21,SC21,T0026p04,T0026p05,T0026,T0026,2,6795,90
68bee504-473c-8325-8f60-49c0199044e8::68bee504-473c-8325-8f60-49c0199044e8::S1,68bee504-473c-8325-8f60-49c0199044e8::68bee504-473c-8325-8f60-49c0199044e8::S1::SC22,SC22,T0027p01,T0027p01,T0027,T0027,1,6421,95
68bee504-473c-8325-8f60-49c0199044e8::68bee504-473c-8325-8f60-49c0199044e8::S1,68bee504-473c-8325-8f60-49c0199044e8::68bee504-473c-8325-8f60-49c0199044e8::S1::SC23,SC23,T0027p02,T0028,T0027,T0028,2,6732,95
68bee504-473c-8325-8f60-49c0199044e8::68bee504-473c-8325-8f60-49c0199044e8::S1,68bee504-473c-8325-8f60-49c0199044e8::68bee504-473c-8325-8f60-49c0199044e8::S1::SC24,SC24,T0029,T0034,T0029,T0034,6,6988,90
68bee504-473c-8325-8f60-49c0199044e8::68bee504-473c-8325-8f60-49c0199044e8::S1,68bee504-473c-8325-8f60-49c0199044e8::68bee504-473c-8325-8f60-49c0199044e8::S1::SC25,SC25,T0035p01,T0035p01,T0035,T0035,1,6394,90
68bee504-473c-8325-8f60-49c0199044e8::68bee504-473c-8325-8f60-49c0199044e8::S1,68bee504-473c-8325-8f60-49c0199044e8::68bee504-473c-8325-8f60-49c0199044e8::S1::SC26,SC26,T0035p02,T0035p03,T0035,T0035,2,7477,90
68bff07e-b94c-8333-a894-58feaaaa16f1::68bff07e-b94c-8333-a894-58feaaaa16f1::S3,68bff07e-b94c-8333-a894-58feaaaa16f1::68bff07e-b94c-8333-a894-58feaaaa16f1::S3::SC01,SC01,T0001,T0001,T0001,T0001,1,7111,90
68bff07e-b94c-8333-a894-58feaaaa16f1::68bff07e-b94c-8333-a894-58feaaaa16f1::S3,68bff07e-b94c-8333-a894-58feaaaa16f1::68bff07e-b94c-8333-a894-58feaaaa16f1::S3::SC02,SC02,T0002,T0004,T0002,T0004,3,5453,90
68bff07e-b94c-8333-a894-58feaaaa16f1::68bff07e-b94c-8333-a894-58feaaaa16f1::S3,68bff07e-b94c-8333-a894-58feaaaa16f1::68bff07e-b94c-8333-a894-58feaaaa16f1::S3::SC03,SC03,T0005,T0007,T0005,T0007,3,7717,90
68bff07e-b94c-8333-a894-58feaaaa16f1::68bff07e-b94c-8333-a894-58feaaaa16f1::S3,68bff07e-b94c-8333-a894-58feaaaa16f1::68bff07e-b94c-8333-a894-58feaaaa16f1::S3::SC04,SC04,T0008,T0008,T0008,T0008,1,7926,90
68bff07e-b94c-8333-a894-58feaaaa16f1::68bff07e-b94c-8333-a894-58feaaaa16f1::S3,68bff07e-b94c-8333-a894-58feaaaa16f1::68bff07e-b94c-8333-a894-58feaaaa16f1::S3::SC05,SC05,T0009p01,T0009p01,T0009,T0009,1,6443,90
68bff07e-b94c-8333-a894-58feaaaa16f1::68bff07e-b94c-8333-a894-58feaaaa16f1::S3,68bff07e-b94c-8333-a894-58feaaaa16f1::68bff07e-b94c-8333-a894-58feaaaa16f1::S3::SC06,SC06,T0009p02,T0009p02,T0009,T0009,1,6211,90
68bff07e-b94c-8333-a894-58feaaaa16f1::68bff07e-b94c-8333-a894-58feaaaa16f1::S3,68bff07e-b94c-8333-a894-58feaaaa16f1::68bff07e-b94c-8333-a894-58feaaaa16f1::S3::SC07,SC07,T0010,T0011,T0010,T0011,2,3474,90
68bff07e-b94c-8333-a894-58feaaaa16f1::68bff07e-b94c-8333-a894-58feaaaa16f1::S3,68bff07e-b94c-8333-a894-58feaaaa16f1::68bff07e-b94c-8333-a894-58feaaaa16f1::S3::SC08,SC08,T0012p01,T0012p01,T0012,T0012,1,6432,90
68bff07e-b94c-8333-a894-58feaaaa16f1::68bff07e-b94c-8333-a894-58feaaaa16f1::S3,68bff07e-b94c-8333-a894-58feaaaa16f1::68bff07e-b94c-8333-a894-58feaaaa16f1::S3::SC09,SC09,T0012p02,T0012p02,T0012,T0012,1,2556,90
68bff07e-b94c-8333-a894-58feaaaa16f1::68bff07e-b94c-8333-a894-58feaaaa16f1::S7,68bff07e-b94c-8333-a894-58feaaaa16f1::68bff07e-b94c-8333-a894-58feaaaa16f1::S7::SC01,SC01,T0001,T0014,T0001,T0014,14,7826,95
68bff07e-b94c-8333-a894-58feaaaa16f1::68bff07e-b94c-8333-a894-58feaaaa16f1::S7,68bff07e-b94c-8333-a894-58feaaaa16f1::68bff07e-b94c-8333-a894-58feaaaa16f1::S7::SC02,SC02,T0015,T0017p01,T0015,T0017,3,6548,95
68bff07e-b94c-8333-a894-58feaaaa16f1::68bff07e-b94c-8333-a894-58feaaaa16f1::S7,68bff07e-b94c-8333-a894-58feaaaa16f1::68bff07e-b94c-8333-a894-58feaaaa16f1::S7::SC03,SC03,T0017p02,T0022,T0017,T0022,6,5695,90
68bff07e-b94c-8333-a894-58feaaaa16f1::68bff07e-b94c-8333-a894-58feaaaa16f1::S7,68bff07e-b94c-8333-a894-58feaaaa16f1::68bff07e-b94c-8333-a894-58feaaaa16f1::S7::SC04,SC04,T0023p01,T0023p01,T0023,T0023,1,6437,95
68bff07e-b94c-8333-a894-58feaaaa16f1::68bff07e-b94c-8333-a894-58feaaaa16f1::S7,68bff07e-b94c-8333-a894-58feaaaa16f1::68bff07e-b94c-8333-a894-58feaaaa16f1::S7::SC05,SC05,T0023p02,T0026,T0023,T0026,4,6358,95
68bff07e-b94c-8333-a894-58feaaaa16f1::68bff07e-b94c-8333-a894-58feaaaa16f1::S7,68bff07e-b94c-8333-a894-58feaaaa16f1::68bff07e-b94c-8333-a894-58feaaaa16f1::S7::SC06,SC06,T0027,T0030,T0027,T0030,4,5122,95
68bff07e-b94c-8333-a894-58feaaaa16f1::68bff07e-b94c-8333-a894-58feaaaa16f1::S7,68bff07e-b94c-8333-a894-58feaaaa16f1::68bff07e-b94c-8333-a894-58feaaaa16f1::S7::SC07,SC07,T0031,T0042,T0031,T0042,12,7377,90
68bff07e-b94c-8333-a894-58feaaaa16f1::68bff07e-b94c-8333-a894-58feaaaa16f1::S7,68bff07e-b94c-8333-a894-58feaaaa16f1::68bff07e-b94c-8333-a894-58feaaaa16f1::S7::SC08,SC08,T0043,T0062,T0043,T0062,20,6124,90
68bff07e-b94c-8333-a894-58feaaaa16f1::68bff07e-b94c-8333-a894-58feaaaa16f1::S7,68bff07e-b94c-8333-a894-58feaaaa16f1::68bff07e-b94c-8333-a894-58feaaaa16f1::S7::SC09,SC09,T0063,T0072,T0063,T0072,10,5959,90
68c66ef3-3a0c-8328-bf8c-d91248a39b4b::68c66ef3-3a0c-8328-bf8c-d91248a39b4b::S1,68c66ef3-3a0c-8328-bf8c-d91248a39b4b::68c66ef3-3a0c-8328-bf8c-d91248a39b4b::S1::SC01,SC01,T0001,T0003p01,T0001,T0003,3,6391,90
68c66ef3-3a0c-8328-bf8c-d91248a39b4b::68c66ef3-3a0c-8328-bf8c-d91248a39b4b::S1,68c66ef3-3a0c-8328-bf8c-d91248a39b4b::68c66ef3-3a0c-8328-bf8c-d91248a39b4b::S1::SC02,SC02,T0003p02,T0003p02,T0003,T0003,1,5898,95
68c66ef3-3a0c-8328-bf8c-d91248a39b4b::68c66ef3-3a0c-8328-bf8c-d91248a39b4b::S1,68c66ef3-3a0c-8328-bf8c-d91248a39b4b::68c66ef3-3a0c-8328-bf8c-d91248a39b4b::S1::SC03,SC03,T0003p03,T0004,T0003,T0004,3,7631,65
68c66ef3-3a0c-8328-bf8c-d91248a39b4b::68c66ef3-3a0c-8328-bf8c-d91248a39b4b::S1,68c66ef3-3a0c-8328-bf8c-d91248a39b4b::68c66ef3-3a0c-8328-bf8c-d91248a39b4b::S1::SC04,SC04,T0005p01,T0005p01,T0005,T0005,1,6384,65
68c66ef3-3a0c-8328-bf8c-d91248a39b4b::68c66ef3-3a0c-8328-bf8c-d91248a39b4b::S1,68c66ef3-3a0c-8328-bf8c-d91248a39b4b::68c66ef3-3a0c-8328-bf8c-d91248a39b4b::S1::SC05,SC05,T0005p02,T0008,T0005,T0008,4,7169,60
68c66ef3-3a0c-8328-bf8c-d91248a39b4b::68c66ef3-3a0c-8328-bf8c-d91248a39b4b::S1,68c66ef3-3a0c-8328-bf8c-d91248a39b4b::68c66ef3-3a0c-8328-bf8c-d91248a39b4b::S1::SC06,SC06,T0009,T0012,T0009,T0012,4,6750,95
68c66ef3-3a0c-8328-bf8c-d91248a39b4b::68c66ef3-3a0c-8328-bf8c-d91248a39b4b::S1,68c66ef3-3a0c-8328-bf8c-d91248a39b4b::68c66ef3-3a0c-8328-bf8c-d91248a39b4b::S1::SC07,SC07,T0013,T0015,T0013,T0015,3,6984,90
68c66ef3-3a0c-8328-bf8c-d91248a39b4b::68c66ef3-3a0c-8328-bf8c-d91248a39b4b::S1,68c66ef3-3a0c-8328-bf8c-d91248a39b4b::68c66ef3-3a0c-8328-bf8c-d91248a39b4b::S1::SC08,SC08,T0016,T0052,T0016,T0052,37,7363,90
68c66ef3-3a0c-8328-bf8c-d91248a39b4b::68c66ef3-3a0c-8328-bf8c-d91248a39b4b::S1,68c66ef3-3a0c-8328-bf8c-d91248a39b4b::68c66ef3-3a0c-8328-bf8c-d91248a39b4b::S1::SC09,SC09,T0053,T0055,T0053,T0055,3,710,90
68c6ccf4-ed48-8320-8b46-abc5b6f9e7a9::68c6ccf4-ed48-8320-8b46-abc5b6f9e7a9::S3,68c6ccf4-ed48-8320-8b46-abc5b6f9e7a9::68c6ccf4-ed48-8320-8b46-abc5b6f9e7a9::S3::SC01,SC01,T0001,T0017,T0001,T0017,17,1732,95
68c6ccf4-ed48-8320-8b46-abc5b6f9e7a9::68c6ccf4-ed48-8320-8b46-abc5b6f9e7a9::S3,68c6ccf4-ed48-8320-8b46-abc5b6f9e7a9::68c6ccf4-ed48-8320-8b46-abc5b6f9e7a9::S3::SC02,SC02,T0018p01,T0018p01,T0018,T0018,1,6417,65
68c6ccf4-ed48-8320-8b46-abc5b6f9e7a9::68c6ccf4-ed48-8320-8b46-abc5b6f9e7a9::S3,68c6ccf4-ed48-8320-8b46-abc5b6f9e7a9::68c6ccf4-ed48-8320-8b46-abc5b6f9e7a9::S3::SC03,SC03,T0018p02,T0018p02,T0018,T0018,1,6438,95
68c6ccf4-ed48-8320-8b46-abc5b6f9e7a9::68c6ccf4-ed48-8320-8b46-abc5b6f9e7a9::S3,68c6ccf4-ed48-8320-8b46-abc5b6f9e7a9::68c6ccf4-ed48-8320-8b46-abc5b6f9e7a9::S3::SC04,SC04,T0018p03,T0018p03,T0018,T0018,1,6419,95
68c6ccf4-ed48-8320-8b46-abc5b6f9e7a9::68c6ccf4-ed48-8320-8b46-abc5b6f9e7a9::S3,68c6ccf4-ed48-8320-8b46-abc5b6f9e7a9::68c6ccf4-ed48-8320-8b46-abc5b6f9e7a9::S3::SC05,SC05,T0018p04,T0018p04,T0018,T0018,1,6395,65
68c6ccf4-ed48-8320-8b46-abc5b6f9e7a9::68c6ccf4-ed48-8320-8b46-abc5b6f9e7a9::S3,68c6ccf4-ed48-8320-8b46-abc5b6f9e7a9::68c6ccf4-ed48-8320-8b46-abc5b6f9e7a9::S3::SC06,SC06,T0018p05,T0021,T0018,T0021,4,3304,65
68c6ccf4-ed48-8320-8b46-abc5b6f9e7a9::68c6ccf4-ed48-8320-8b46-abc5b6f9e7a9::S3,68c6ccf4-ed48-8320-8b46-abc5b6f9e7a9::68c6ccf4-ed48-8320-8b46-abc5b6f9e7a9::S3::SC07,SC07,T0022p01,T0022p01,T0022,T0022,1,6420,65
68c6ccf4-ed48-8320-8b46-abc5b6f9e7a9::68c6ccf4-ed48-8320-8b46-abc5b6f9e7a9::S3,68c6ccf4-ed48-8320-8b46-abc5b6f9e7a9::68c6ccf4-ed48-8320-8b46-abc5b6f9e7a9::S3::SC08,SC08,T0022p02,T0022p02,T0022,T0022,1,6438,95
68c6ccf4-ed48-8320-8b46-abc5b6f9e7a9::68c6ccf4-ed48-8320-8b46-abc5b6f9e7a9::S3,68c6ccf4-ed48-8320-8b46-abc5b6f9e7a9::68c6ccf4-ed48-8320-8b46-abc5b6f9e7a9::S3::SC09,SC09,T0022p03,T0022p03,T0022,T0022,1,6419,95
68c6ccf4-ed48-8320-8b46-abc5b6f9e7a9::68c6ccf4-ed48-8320-8b46-abc5b6f9e7a9::S3,68c6ccf4-ed48-8320-8b46-abc5b6f9e7a9::68c6ccf4-ed48-8320-8b46-abc5b6f9e7a9::S3::SC10,SC10,T0022p04,T0022p04,T0022,T0022,1,6395,65
68c6ccf4-ed48-8320-8b46-abc5b6f9e7a9::68c6ccf4-ed48-8320-8b46-abc5b6f9e7a9::S3,68c6ccf4-ed48-8320-8b46-abc5b6f9e7a9::68c6ccf4-ed48-8320-8b46-abc5b6f9e7a9::S3::SC11,SC11,T0022p05,T0023,T0022,T0023,2,3368,65
68d3902a-db10-8333-936a-1b3070619a37::68d3902a-db10-8333-936a-1b3070619a37::S1,68d3902a-db10-8333-936a-1b3070619a37::68d3902a-db10-8333-936a-1b3070619a37::S1::SC01,SC01,T0001,T0015,T0001,T0015,15,7488,65
68d3902a-db10-8333-936a-1b3070619a37::68d3902a-db10-8333-936a-1b3070619a37::S1,68d3902a-db10-8333-936a-1b3070619a37::68d3902a-db10-8333-936a-1b3070619a37::S1::SC02,SC02,T0016,T0031,T0016,T0031,16,7260,60
68d3902a-db10-8333-936a-1b3070619a37::68d3902a-db10-8333-936a-1b3070619a37::S1,68d3902a-db10-8333-936a-1b3070619a37::68d3902a-db10-8333-936a-1b3070619a37::S1::SC03,SC03,T0032,T0046,T0032,T0046,15,4773,90
68d3902a-db10-8333-936a-1b3070619a37::68d3902a-db10-8333-936a-1b3070619a37::S1,68d3902a-db10-8333-936a-1b3070619a37::68d3902a-db10-8333-936a-1b3070619a37::S1::SC04,SC04,T0047,T0062,T0047,T0062,16,5088,60
68d3902a-db10-8333-936a-1b3070619a37::68d3902a-db10-8333-936a-1b3070619a37::S1,68d3902a-db10-8333-936a-1b3070619a37::68d3902a-db10-8333-936a-1b3070619a37::S1::SC05,SC05,T0063,T0073,T0063,T0073,11,7567,65
68d3902a-db10-8333-936a-1b3070619a37::68d3902a-db10-8333-936a-1b3070619a37::S1,68d3902a-db10-8333-936a-1b3070619a37::68d3902a-db10-8333-936a-1b3070619a37::S1::SC06,SC06,T0074,T0097,T0074,T0097,24,7494,90
68d3902a-db10-8333-936a-1b3070619a37::68d3902a-db10-8333-936a-1b3070619a37::S1,68d3902a-db10-8333-936a-1b3070619a37::68d3902a-db10-8333-936a-1b3070619a37::S1::SC07,SC07,T0098p01,T0098p01,T0098,T0098,1,5914,95
68d3902a-db10-8333-936a-1b3070619a37::68d3902a-db10-8333-936a-1b3070619a37::S1,68d3902a-db10-8333-936a-1b3070619a37::68d3902a-db10-8333-936a-1b3070619a37::S1::SC08,SC08,T0098p02,T0103,T0098,T0103,6,7648,90
68d3902a-db10-8333-936a-1b3070619a37::68d3902a-db10-8333-936a-1b3070619a37::S1,68d3902a-db10-8333-936a-1b3070619a37::68d3902a-db10-8333-936a-1b3070619a37::S1::SC09,SC09,T0104,T0110,T0104,T0110,7,7593,60
68d3902a-db10-8333-936a-1b3070619a37::68d3902a-db10-8333-936a-1b3070619a37::S1,68d3902a-db10-8333-936a-1b3070619a37::68d3902a-db10-8333-936a-1b3070619a37::S1::SC10,SC10,T0111,T0131,T0111,T0131,21,7466,90
68d3902a-db10-8333-936a-1b3070619a37::68d3902a-db10-8333-936a-1b3070619a37::S1,68d3902a-db10-8333-936a-1b3070619a37::68d3902a-db10-8333-936a-1b3070619a37::S1::SC11,SC11,T0132,T0132,T0132,T0132,1,6881,65
68d3902a-db10-8333-936a-1b3070619a37::68d3902a-db10-8333-936a-1b3070619a37::S1,68d3902a-db10-8333-936a-1b3070619a37::68d3902a-db10-8333-936a-1b3070619a37::S1::SC12,SC12,T0133,T0135,T0133,T0135,3,4651,65
68d3902a-db10-8333-936a-1b3070619a37::68d3902a-db10-8333-936a-1b3070619a37::S1,68d3902a-db10-8333-936a-1b3070619a37::68d3902a-db10-8333-936a-1b3070619a37::S1::SC13,SC13,T0136,T0137,T0136,T0137,2,5142,65
68d3902a-db10-8333-936a-1b3070619a37::68d3902a-db10-8333-936a-1b3070619a37::S1,68d3902a-db10-8333-936a-1b3070619a37::68d3902a-db10-8333-936a-1b3070619a37::S1::SC14,SC14,T0138,T0145,T0138,T0145,8,6828,60
68d3902a-db10-8333-936a-1b3070619a37::68d3902a-db10-8333-936a-1b3070619a37::S1,68d3902a-db10-8333-936a-1b3070619a37::68d3902a-db10-8333-936a-1b3070619a37::S1::SC15,SC15,T0146,T0147,T0146,T0147,2,2674,60
68d3902a-db10-8333-936a-1b3070619a37::68d3902a-db10-8333-936a-1b3070619a37::S1,68d3902a-db10-8333-936a-1b3070619a37::68d3902a-db10-8333-936a-1b3070619a37::S1::SC16,SC16,T0148p01,T0148p01,T0148,T0148,1,6439,60
68d3902a-db10-8333-936a-1b3070619a37::68d3902a-db10-8333-936a-1b3070619a37::S1,68d3902a-db10-8333-936a-1b3070619a37::68d3902a-db10-8333-936a-1b3070619a37::S1::SC17,SC17,T0148p02,T0150,T0148,T0150,3,6581,60
68d3902a-db10-8333-936a-1b3070619a37::68d3902a-db10-8333-936a-1b3070619a37::S1,68d3902a-db10-8333-936a-1b3070619a37::68d3902a-db10-8333-936a-1b3070619a37::S1::SC18,SC18,T0151,T0153,T0151,T0153,3,3158,65
68d3902a-db10-8333-936a-1b3070619a37::68d3902a-db10-8333-936a-1b3070619a37::S1,68d3902a-db10-8333-936a-1b3070619a37::68d3902a-db10-8333-936a-1b3070619a37::S1::SC19,SC19,T0154,T0154,T0154,T0154,1,6973,60
68d444c0-70d4-8331-9f94-b794bf5a11a5::68d444c0-70d4-8331-9f94-b794bf5a11a5::S1,68d444c0-70d4-8331-9f94-b794bf5a11a5::68d444c0-70d4-8331-9f94-b794bf5a11a5::S1::SC01,SC01,T0001,T0004,T0001,T0004,4,2402,95
68d444c0-70d4-8331-9f94-b794bf5a11a5::68d444c0-70d4-8331-9f94-b794bf5a11a5::S1,68d444c0-70d4-8331-9f94-b794bf5a11a5::68d444c0-70d4-8331-9f94-b794bf5a11a5::S1::SC02,SC02,T0005p01,T0005p01,T0005,T0005,1,6438,95
68d444c0-70d4-8331-9f94-b794bf5a11a5::68d444c0-70d4-8331-9f94-b794bf5a11a5::S1,68d444c0-70d4-8331-9f94-b794bf5a11a5::68d444c0-70d4-8331-9f94-b794bf5a11a5::S1::SC03,SC03,T0005p02,T0005p02,T0005,T0005,1,6414,95
68d444c0-70d4-8331-9f94-b794bf5a11a5::68d444c0-70d4-8331-9f94-b794bf5a11a5::S1,68d444c0-70d4-8331-9f94-b794bf5a11a5::68d444c0-70d4-8331-9f94-b794bf5a11a5::S1::SC04,SC04,T0005p03,T0005p03,T0005,T0005,1,4842,95
68d444c0-70d4-8331-9f94-b794bf5a11a5::68d444c0-70d4-8331-9f94-b794bf5a11a5::S1,68d444c0-70d4-8331-9f94-b794bf5a11a5::68d444c0-70d4-8331-9f94-b794bf5a11a5::S1::SC05,SC05,T0005p04,T0005p04,T0005,T0005,1,6420,95
68d444c0-70d4-8331-9f94-b794bf5a11a5::68d444c0-70d4-8331-9f94-b794bf5a11a5::S1,68d444c0-70d4-8331-9f94-b794bf5a11a5::68d444c0-70d4-8331-9f94-b794bf5a11a5::S1::SC06,SC06,T0005p05,T0005p05,T0005,T0005,1,6269,95
68d444c0-70d4-8331-9f94-b794bf5a11a5::68d444c0-70d4-8331-9f94-b794bf5a11a5::S1,68d444c0-70d4-8331-9f94-b794bf5a11a5::68d444c0-70d4-8331-9f94-b794bf5a11a5::S1::SC07,SC07,T0005p06,T0005p06,T0005,T0005,1,6436,95
68d444c0-70d4-8331-9f94-b794bf5a11a5::68d444c0-70d4-8331-9f94-b794bf5a11a5::S1,68d444c0-70d4-8331-9f94-b794bf5a11a5::68d444c0-70d4-8331-9f94-b794bf5a11a5::S1::SC08,SC08,T0005p07,T0005p07,T0005,T0005,1,6398,95
68d444c0-70d4-8331-9f94-b794bf5a11a5::68d444c0-70d4-8331-9f94-b794bf5a11a5::S1,68d444c0-70d4-8331-9f94-b794bf5a11a5::68d444c0-70d4-8331-9f94-b794bf5a11a5::S1::SC09,SC09,T0005p08,T0005p08,T0005,T0005,1,6429,95
68d444c0-70d4-8331-9f94-b794bf5a11a5::68d444c0-70d4-8331-9f94-b794bf5a11a5::S1,68d444c0-70d4-8331-9f94-b794bf5a11a5::68d444c0-70d4-8331-9f94-b794bf5a11a5::S1::SC10,SC10,T0005p09,T0011,T0005,T0011,7,6947,95
68d444c0-70d4-8331-9f94-b794bf5a11a5::68d444c0-70d4-8331-9f94-b794bf5a11a5::S1,68d444c0-70d4-8331-9f94-b794bf5a11a5::68d444c0-70d4-8331-9f94-b794bf5a11a5::S1::SC11,SC11,T0012,T0017,T0012,T0017,6,6236,95
68d444c0-70d4-8331-9f94-b794bf5a11a5::68d444c0-70d4-8331-9f94-b794bf5a11a5::S1,68d444c0-70d4-8331-9f94-b794bf5a11a5::68d444c0-70d4-8331-9f94-b794bf5a11a5::S1::SC12,SC12,T0018,T0020,T0018,T0020,3,7258,95
68d444c0-70d4-8331-9f94-b794bf5a11a5::68d444c0-70d4-8331-9f94-b794bf5a11a5::S1,68d444c0-70d4-8331-9f94-b794bf5a11a5::68d444c0-70d4-8331-9f94-b794bf5a11a5::S1::SC13,SC13,T0021,T0025,T0021,T0025,5,6484,95
68d444c0-70d4-8331-9f94-b794bf5a11a5::68d444c0-70d4-8331-9f94-b794bf5a11a5::S1,68d444c0-70d4-8331-9f94-b794bf5a11a5::68d444c0-70d4-8331-9f94-b794bf5a11a5::S1::SC14,SC14,T0026,T0036,T0026,T0036,11,7791,95
68d444c0-70d4-8331-9f94-b794bf5a11a5::68d444c0-70d4-8331-9f94-b794bf5a11a5::S1,68d444c0-70d4-8331-9f94-b794bf5a11a5::68d444c0-70d4-8331-9f94-b794bf5a11a5::S1::SC15,SC15,T0037,T0048,T0037,T0048,12,7413,90
68d444c0-70d4-8331-9f94-b794bf5a11a5::68d444c0-70d4-8331-9f94-b794bf5a11a5::S1,68d444c0-70d4-8331-9f94-b794bf5a11a5::68d444c0-70d4-8331-9f94-b794bf5a11a5::S1::SC16,SC16,T0049,T0074,T0049,T0074,26,7415,90
68d444c0-70d4-8331-9f94-b794bf5a11a5::68d444c0-70d4-8331-9f94-b794bf5a11a5::S1,68d444c0-70d4-8331-9f94-b794bf5a11a5::68d444c0-70d4-8331-9f94-b794bf5a11a5::S1::SC17,SC17,T0075,T0083,T0075,T0083,9,3427,95
68d88efc-ccc0-8322-b46e-ed90f9c83846::68d88efc-ccc0-8322-b46e-ed90f9c83846::S1,68d88efc-ccc0-8322-b46e-ed90f9c83846::68d88efc-ccc0-8322-b46e-ed90f9c83846::S1::SC01,SC01,T0001,T0010,T0001,T0010,10,1610,95
68d88efc-ccc0-8322-b46e-ed90f9c83846::68d88efc-ccc0-8322-b46e-ed90f9c83846::S1,68d88efc-ccc0-8322-b46e-ed90f9c83846::68d88efc-ccc0-8322-b46e-ed90f9c83846::S1::SC02,SC02,T0011p01,T0011p01,T0011,T0011,1,6419,95
68d88efc-ccc0-8322-b46e-ed90f9c83846::68d88efc-ccc0-8322-b46e-ed90f9c83846::S1,68d88efc-ccc0-8322-b46e-ed90f9c83846::68d88efc-ccc0-8322-b46e-ed90f9c83846::S1::SC03,SC03,T0011p02,T0011p02,T0011,T0011,1,6371,90
68d88efc-ccc0-8322-b46e-ed90f9c83846::68d88efc-ccc0-8322-b46e-ed90f9c83846::S1,68d88efc-ccc0-8322-b46e-ed90f9c83846::68d88efc-ccc0-8322-b46e-ed90f9c83846::S1::SC04,SC04,T0011p03,T0011p03,T0011,T0011,1,6016,90
68d88efc-ccc0-8322-b46e-ed90f9c83846::68d88efc-ccc0-8322-b46e-ed90f9c83846::S1,68d88efc-ccc0-8322-b46e-ed90f9c83846::68d88efc-ccc0-8322-b46e-ed90f9c83846::S1::SC05,SC05,T0011p04,T0012,T0011,T0012,2,6874,65
68d88efc-ccc0-8322-b46e-ed90f9c83846::68d88efc-ccc0-8322-b46e-ed90f9c83846::S1,68d88efc-ccc0-8322-b46e-ed90f9c83846::68d88efc-ccc0-8322-b46e-ed90f9c83846::S1::SC06,SC06,T0013p01,T0013p01,T0013,T0013,1,6232,95
68d88efc-ccc0-8322-b46e-ed90f9c83846::68d88efc-ccc0-8322-b46e-ed90f9c83846::S1,68d88efc-ccc0-8322-b46e-ed90f9c83846::68d88efc-ccc0-8322-b46e-ed90f9c83846::S1::SC07,SC07,T0013p02,T0013p02,T0013,T0013,1,6437,90
68d88efc-ccc0-8322-b46e-ed90f9c83846::68d88efc-ccc0-8322-b46e-ed90f9c83846::S1,68d88efc-ccc0-8322-b46e-ed90f9c83846::68d88efc-ccc0-8322-b46e-ed90f9c83846::S1::SC08,SC08,T0013p03,T0013p03,T0013,T0013,1,6425,65
68d88efc-ccc0-8322-b46e-ed90f9c83846::68d88efc-ccc0-8322-b46e-ed90f9c83846::S1,68d88efc-ccc0-8322-b46e-ed90f9c83846::68d88efc-ccc0-8322-b46e-ed90f9c83846::S1::SC09,SC09,T0013p04,T0019,T0013,T0019,7,6872,90
68d88efc-ccc0-8322-b46e-ed90f9c83846::68d88efc-ccc0-8322-b46e-ed90f9c83846::S1,68d88efc-ccc0-8322-b46e-ed90f9c83846::68d88efc-ccc0-8322-b46e-ed90f9c83846::S1::SC10,SC10,T0020,T0045,T0020,T0045,26,7734,95
68d88efc-ccc0-8322-b46e-ed90f9c83846::68d88efc-ccc0-8322-b46e-ed90f9c83846::S1,68d88efc-ccc0-8322-b46e-ed90f9c83846::68d88efc-ccc0-8322-b46e-ed90f9c83846::S1::SC11,SC11,T0046,T0050,T0046,T0050,5,1218,95
68dba9e8-4728-832f-8c82-3fe1cff55b06::68dba9e8-4728-832f-8c82-3fe1cff55b06::S1,68dba9e8-4728-832f-8c82-3fe1cff55b06::68dba9e8-4728-832f-8c82-3fe1cff55b06::S1::SC01,SC01,T0001p01,T0001p01,T0001,T0001,1,6403,60
68dba9e8-4728-832f-8c82-3fe1cff55b06::68dba9e8-4728-832f-8c82-3fe1cff55b06::S1,68dba9e8-4728-832f-8c82-3fe1cff55b06::68dba9e8-4728-832f-8c82-3fe1cff55b06::S1::SC02,SC02,T0001p02,T0001p02,T0001,T0001,1,6421,90
68dba9e8-4728-832f-8c82-3fe1cff55b06::68dba9e8-4728-832f-8c82-3fe1cff55b06::S1,68dba9e8-4728-832f-8c82-3fe1cff55b06::68dba9e8-4728-832f-8c82-3fe1cff55b06::S1::SC03,SC03,T0001p03,T0001p03,T0001,T0001,1,6429,65
68dba9e8-4728-832f-8c82-3fe1cff55b06::68dba9e8-4728-832f-8c82-3fe1cff55b06::S1,68dba9e8-4728-832f-8c82-3fe1cff55b06::68dba9e8-4728-832f-8c82-3fe1cff55b06::S1::SC04,SC04,T0001p04,T0001p04,T0001,T0001,1,6300,65
68dba9e8-4728-832f-8c82-3fe1cff55b06::68dba9e8-4728-832f-8c82-3fe1cff55b06::S1,68dba9e8-4728-832f-8c82-3fe1cff55b06::68dba9e8-4728-832f-8c82-3fe1cff55b06::S1::SC05,SC05,T0001p05,T0002,T0001,T0002,2,7108,90
68dba9e8-4728-832f-8c82-3fe1cff55b06::68dba9e8-4728-832f-8c82-3fe1cff55b06::S1,68dba9e8-4728-832f-8c82-3fe1cff55b06::68dba9e8-4728-832f-8c82-3fe1cff55b06::S1::SC06,SC06,T0003,T0005,T0003,T0005,3,6756,90
68dba9e8-4728-832f-8c82-3fe1cff55b06::68dba9e8-4728-832f-8c82-3fe1cff55b06::S1,68dba9e8-4728-832f-8c82-3fe1cff55b06::68dba9e8-4728-832f-8c82-3fe1cff55b06::S1::SC07,SC07,T0006,T0011,T0006,T0011,6,5632,90
68dba9e8-4728-832f-8c82-3fe1cff55b06::68dba9e8-4728-832f-8c82-3fe1cff55b06::S1,68dba9e8-4728-832f-8c82-3fe1cff55b06::68dba9e8-4728-832f-8c82-3fe1cff55b06::S1::SC08,SC08,T0012,T0016,T0012,T0016,5,4121,90
68dba9e8-4728-832f-8c82-3fe1cff55b06::68dba9e8-4728-832f-8c82-3fe1cff55b06::S1,68dba9e8-4728-832f-8c82-3fe1cff55b06::68dba9e8-4728-832f-8c82-3fe1cff55b06::S1::SC09,SC09,T0017,T0019,T0017,T0019,3,7712,90
68dba9e8-4728-832f-8c82-3fe1cff55b06::68dba9e8-4728-832f-8c82-3fe1cff55b06::S1,68dba9e8-4728-832f-8c82-3fe1cff55b06::68dba9e8-4728-832f-8c82-3fe1cff55b06::S1::SC10,SC10,T0020,T0024,T0020,T0024,5,6471,90
68dba9e8-4728-832f-8c82-3fe1cff55b06::68dba9e8-4728-832f-8c82-3fe1cff55b06::S1,68dba9e8-4728-832f-8c82-3fe1cff55b06::68dba9e8-4728-832f-8c82-3fe1cff55b06::S1::SC11,SC11,T0025,T0026,T0025,T0026,2,3765,90
68dba9e8-4728-832f-8c82-3fe1cff55b06::68dba9e8-4728-832f-8c82-3fe1cff55b06::S1,68dba9e8-4728-832f-8c82-3fe1cff55b06::68dba9e8-4728-832f-8c82-3fe1cff55b06::S1::SC12,SC12,T0027,T0027,T0027,T0027,1,7133,90
68dba9e8-4728-832f-8c82-3fe1cff55b06::68dba9e8-4728-832f-8c82-3fe1cff55b06::S1,68dba9e8-4728-832f-8c82-3fe1cff55b06::68dba9e8-4728-832f-8c82-3fe1cff55b06::S1::SC13,SC13,T0028,T0029,T0028,T0029,2,5712,90
68dba9e8-4728-832f-8c82-3fe1cff55b06::68dba9e8-4728-832f-8c82-3fe1cff55b06::S1,68dba9e8-4728-832f-8c82-3fe1cff55b06::68dba9e8-4728-832f-8c82-3fe1cff55b06::S1::SC14,SC14,T0030p01,T0030p01,T0030,T0030,1,6343,60
68dba9e8-4728-832f-8c82-3fe1cff55b06::68dba9e8-4728-832f-8c82-3fe1cff55b06::S1,68dba9e8-4728-832f-8c82-3fe1cff55b06::68dba9e8-4728-832f-8c82-3fe1cff55b06::S1::SC15,SC15,T0030p02,T0032,T0030,T0032,3,5392,90
68dba9e8-4728-832f-8c82-3fe1cff55b06::68dba9e8-4728-832f-8c82-3fe1cff55b06::S1,68dba9e8-4728-832f-8c82-3fe1cff55b06::68dba9e8-4728-832f-8c82-3fe1cff55b06::S1::SC16,SC16,T0033,T0033,T0033,T0033,1,5122,90
68dba9e8-4728-832f-8c82-3fe1cff55b06::68dba9e8-4728-832f-8c82-3fe1cff55b06::S1,68dba9e8-4728-832f-8c82-3fe1cff55b06::68dba9e8-4728-832f-8c82-3fe1cff55b06::S1::SC17,SC17,T0034,T0035,T0034,T0035,2,7789,90
68dba9e8-4728-832f-8c82-3fe1cff55b06::68dba9e8-4728-832f-8c82-3fe1cff55b06::S1,68dba9e8-4728-832f-8c82-3fe1cff55b06::68dba9e8-4728-832f-8c82-3fe1cff55b06::S1::SC18,SC18,T0036,T0037,T0036,T0037,2,4746,90
68dba9e8-4728-832f-8c82-3fe1cff55b06::68dba9e8-4728-832f-8c82-3fe1cff55b06::S1,68dba9e8-4728-832f-8c82-3fe1cff55b06::68dba9e8-4728-832f-8c82-3fe1cff55b06::S1::SC19,SC19,T0038,T0040,T0038,T0040,3,5496,90
68dba9e8-4728-832f-8c82-3fe1cff55b06::68dba9e8-4728-832f-8c82-3fe1cff55b06::S1,68dba9e8-4728-832f-8c82-3fe1cff55b06::68dba9e8-4728-832f-8c82-3fe1cff55b06::S1::SC20,SC20,T0041,T0046,T0041,T0046,6,7570,90
68dba9e8-4728-832f-8c82-3fe1cff55b06::68dba9e8-4728-832f-8c82-3fe1cff55b06::S1,68dba9e8-4728-832f-8c82-3fe1cff55b06::68dba9e8-4728-832f-8c82-3fe1cff55b06::S1::SC21,SC21,T0047,T0054,T0047,T0054,8,3064,90
68dba9e8-4728-832f-8c82-3fe1cff55b06::68dba9e8-4728-832f-8c82-3fe1cff55b06::S3,68dba9e8-4728-832f-8c82-3fe1cff55b06::68dba9e8-4728-832f-8c82-3fe1cff55b06::S3::SC01,SC01,T0001p01,T0001p01,T0001,T0001,1,6369,95
68dba9e8-4728-832f-8c82-3fe1cff55b06::68dba9e8-4728-832f-8c82-3fe1cff55b06::S3,68dba9e8-4728-832f-8c82-3fe1cff55b06::68dba9e8-4728-832f-8c82-3fe1cff55b06::S3::SC02,SC02,T0001p02,T0007,T0001,T0007,7,5954,60
68dba9e8-4728-832f-8c82-3fe1cff55b06::68dba9e8-4728-832f-8c82-3fe1cff55b06::S3,68dba9e8-4728-832f-8c82-3fe1cff55b06::68dba9e8-4728-832f-8c82-3fe1cff55b06::S3::SC03,SC03,T0008p01,T0008p01,T0008,T0008,1,6281,90
68dba9e8-4728-832f-8c82-3fe1cff55b06::68dba9e8-4728-832f-8c82-3fe1cff55b06::S3,68dba9e8-4728-832f-8c82-3fe1cff55b06::68dba9e8-4728-832f-8c82-3fe1cff55b06::S3::SC04,SC04,T0008p02,T0010,T0008,T0010,3,5519,95
68dba9e8-4728-832f-8c82-3fe1cff55b06::68dba9e8-4728-832f-8c82-3fe1cff55b06::S3,68dba9e8-4728-832f-8c82-3fe1cff55b06::68dba9e8-4728-832f-8c82-3fe1cff55b06::S3::SC05,SC05,T0011,T0011,T0011,T0011,1,2891,95
68dba9e8-4728-832f-8c82-3fe1cff55b06::68dba9e8-4728-832f-8c82-3fe1cff55b06::S3,68dba9e8-4728-832f-8c82-3fe1cff55b06::68dba9e8-4728-832f-8c82-3fe1cff55b06::S3::SC06,SC06,T0012,T0021,T0012,T0021,10,7655,90
68dba9e8-4728-832f-8c82-3fe1cff55b06::68dba9e8-4728-832f-8c82-3fe1cff55b06::S3,68dba9e8-4728-832f-8c82-3fe1cff55b06::68dba9e8-4728-832f-8c82-3fe1cff55b06::S3::SC07,SC07,T0022,T0025,T0022,T0025,4,2823,90
68dba9e8-4728-832f-8c82-3fe1cff55b06::68dba9e8-4728-832f-8c82-3fe1cff55b06::S3,68dba9e8-4728-832f-8c82-3fe1cff55b06::68dba9e8-4728-832f-8c82-3fe1cff55b06::S3::SC08,SC08,T0026,T0027,T0026,T0027,2,5310,90
68dba9e8-4728-832f-8c82-3fe1cff55b06::68dba9e8-4728-832f-8c82-3fe1cff55b06::S3,68dba9e8-4728-832f-8c82-3fe1cff55b06::68dba9e8-4728-832f-8c82-3fe1cff55b06::S3::SC09,SC09,T0028,T0029,T0028,T0029,2,4930,90
68dba9e8-4728-832f-8c82-3fe1cff55b06::68dba9e8-4728-832f-8c82-3fe1cff55b06::S3,68dba9e8-4728-832f-8c82-3fe1cff55b06::68dba9e8-4728-832f-8c82-3fe1cff55b06::S3::SC10,SC10,T0030,T0030,T0030,T0030,1,2999,90
68e0bd2d-06c0-8326-af22-bd417430cad7::68e0bd2d-06c0-8326-af22-bd417430cad7::S1,68e0bd2d-06c0-8326-af22-bd417430cad7::68e0bd2d-06c0-8326-af22-bd417430cad7::S1::SC01,SC01,T0001,T0008,T0001,T0008,8,5814,90
68e0bd2d-06c0-8326-af22-bd417430cad7::68e0bd2d-06c0-8326-af22-bd417430cad7::S1,68e0bd2d-06c0-8326-af22-bd417430cad7::68e0bd2d-06c0-8326-af22-bd417430cad7::S1::SC02,SC02,T0009,T0009,T0009,T0009,1,4629,90
68e0bd2d-06c0-8326-af22-bd417430cad7::68e0bd2d-06c0-8326-af22-bd417430cad7::S1,68e0bd2d-06c0-8326-af22-bd417430cad7::68e0bd2d-06c0-8326-af22-bd417430cad7::S1::SC03,SC03,T0010,T0012,T0010,T0012,3,6512,95
68e0bd2d-06c0-8326-af22-bd417430cad7::68e0bd2d-06c0-8326-af22-bd417430cad7::S1,68e0bd2d-06c0-8326-af22-bd417430cad7::68e0bd2d-06c0-8326-af22-bd417430cad7::S1::SC04,SC04,T0013,T0013,T0013,T0013,1,4280,90
68e0bd2d-06c0-8326-af22-bd417430cad7::68e0bd2d-06c0-8326-af22-bd417430cad7::S1,68e0bd2d-06c0-8326-af22-bd417430cad7::68e0bd2d-06c0-8326-af22-bd417430cad7::S1::SC05,SC05,T0014,T0014,T0014,T0014,1,4351,95
68e0bd2d-06c0-8326-af22-bd417430cad7::68e0bd2d-06c0-8326-af22-bd417430cad7::S1,68e0bd2d-06c0-8326-af22-bd417430cad7::68e0bd2d-06c0-8326-af22-bd417430cad7::S1::SC06,SC06,T0015,T0015,T0015,T0015,1,3778,90
68e0bd2d-06c0-8326-af22-bd417430cad7::68e0bd2d-06c0-8326-af22-bd417430cad7::S1,68e0bd2d-06c0-8326-af22-bd417430cad7::68e0bd2d-06c0-8326-af22-bd417430cad7::S1::SC07,SC07,T0016,T0018,T0016,T0018,3,6697,95
68e0bd2d-06c0-8326-af22-bd417430cad7::68e0bd2d-06c0-8326-af22-bd417430cad7::S1,68e0bd2d-06c0-8326-af22-bd417430cad7::68e0bd2d-06c0-8326-af22-bd417430cad7::S1::SC08,SC08,T0019,T0019,T0019,T0019,1,1661,95
68e0bd2d-06c0-8326-af22-bd417430cad7::68e0bd2d-06c0-8326-af22-bd417430cad7::S1,68e0bd2d-06c0-8326-af22-bd417430cad7::68e0bd2d-06c0-8326-af22-bd417430cad7::S1::SC09,SC09,T0020,T0020,T0020,T0020,1,6544,95
68e0bd2d-06c0-8326-af22-bd417430cad7::68e0bd2d-06c0-8326-af22-bd417430cad7::S1,68e0bd2d-06c0-8326-af22-bd417430cad7::68e0bd2d-06c0-8326-af22-bd417430cad7::S1::SC10,SC10,T0021,T0021,T0021,T0021,1,3559,95
68e0bd2d-06c0-8326-af22-bd417430cad7::68e0bd2d-06c0-8326-af22-bd417430cad7::S1,68e0bd2d-06c0-8326-af22-bd417430cad7::68e0bd2d-06c0-8326-af22-bd417430cad7::S1::SC11,SC11,T0022,T0022,T0022,T0022,1,6980,95
68e0bd2d-06c0-8326-af22-bd417430cad7::68e0bd2d-06c0-8326-af22-bd417430cad7::S1,68e0bd2d-06c0-8326-af22-bd417430cad7::68e0bd2d-06c0-8326-af22-bd417430cad7::S1::SC12,SC12,T0023,T0023,T0023,T0023,1,3684,95
68e0bd2d-06c0-8326-af22-bd417430cad7::68e0bd2d-06c0-8326-af22-bd417430cad7::S1,68e0bd2d-06c0-8326-af22-bd417430cad7::68e0bd2d-06c0-8326-af22-bd417430cad7::S1::SC13,SC13,T0024,T0024,T0024,T0024,1,6813,95
68e142f0-bb28-8329-a50e-fbaf34ae665a::68e142f0-bb28-8329-a50e-fbaf34ae665a::S5,68e142f0-bb28-8329-a50e-fbaf34ae665a::68e142f0-bb28-8329-a50e-fbaf34ae665a::S5::SC01,SC01,T0001p01,T0001p01,T0001,T0001,1,6433,90
68e142f0-bb28-8329-a50e-fbaf34ae665a::68e142f0-bb28-8329-a50e-fbaf34ae665a::S5,68e142f0-bb28-8329-a50e-fbaf34ae665a::68e142f0-bb28-8329-a50e-fbaf34ae665a::S5::SC02,SC02,T0001p02,T0001p02,T0001,T0001,1,6427,90
68e142f0-bb28-8329-a50e-fbaf34ae665a::68e142f0-bb28-8329-a50e-fbaf34ae665a::S5,68e142f0-bb28-8329-a50e-fbaf34ae665a::68e142f0-bb28-8329-a50e-fbaf34ae665a::S5::SC03,SC03,T0001p03,T0001p03,T0001,T0001,1,6364,90
68e142f0-bb28-8329-a50e-fbaf34ae665a::68e142f0-bb28-8329-a50e-fbaf34ae665a::S5,68e142f0-bb28-8329-a50e-fbaf34ae665a::68e142f0-bb28-8329-a50e-fbaf34ae665a::S5::SC04,SC04,T0001p04,T0001p04,T0001,T0001,1,6136,90
68e142f0-bb28-8329-a50e-fbaf34ae665a::68e142f0-bb28-8329-a50e-fbaf34ae665a::S5,68e142f0-bb28-8329-a50e-fbaf34ae665a::68e142f0-bb28-8329-a50e-fbaf34ae665a::S5::SC05,SC05,T0001p05,T0001p05,T0001,T0001,1,5802,90
68e142f0-bb28-8329-a50e-fbaf34ae665a::68e142f0-bb28-8329-a50e-fbaf34ae665a::S5,68e142f0-bb28-8329-a50e-fbaf34ae665a::68e142f0-bb28-8329-a50e-fbaf34ae665a::S5::SC06,SC06,T0001p06,T0001p06,T0001,T0001,1,6389,65
68e142f0-bb28-8329-a50e-fbaf34ae665a::68e142f0-bb28-8329-a50e-fbaf34ae665a::S5,68e142f0-bb28-8329-a50e-fbaf34ae665a::68e142f0-bb28-8329-a50e-fbaf34ae665a::S5::SC07,SC07,T0001p07,T0001p07,T0001,T0001,1,6437,90
68e142f0-bb28-8329-a50e-fbaf34ae665a::68e142f0-bb28-8329-a50e-fbaf34ae665a::S5,68e142f0-bb28-8329-a50e-fbaf34ae665a::68e142f0-bb28-8329-a50e-fbaf34ae665a::S5::SC08,SC08,T0001p08,T0003,T0001,T0003,3,6791,90
68e142f0-bb28-8329-a50e-fbaf34ae665a::68e142f0-bb28-8329-a50e-fbaf34ae665a::S6,68e142f0-bb28-8329-a50e-fbaf34ae665a::68e142f0-bb28-8329-a50e-fbaf34ae665a::S6::SC01,SC01,T0001p01,T0001p01,T0001,T0001,1,6433,90
68e142f0-bb28-8329-a50e-fbaf34ae665a::68e142f0-bb28-8329-a50e-fbaf34ae665a::S6,68e142f0-bb28-8329-a50e-fbaf34ae665a::68e142f0-bb28-8329-a50e-fbaf34ae665a::S6::SC02,SC02,T0001p02,T0001p02,T0001,T0001,1,6427,90
68e142f0-bb28-8329-a50e-fbaf34ae665a::68e142f0-bb28-8329-a50e-fbaf34ae665a::S6,68e142f0-bb28-8329-a50e-fbaf34ae665a::68e142f0-bb28-8329-a50e-fbaf34ae665a::S6::SC03,SC03,T0001p03,T0001p03,T0001,T0001,1,6364,90
68e142f0-bb28-8329-a50e-fbaf34ae665a::68e142f0-bb28-8329-a50e-fbaf34ae665a::S6,68e142f0-bb28-8329-a50e-fbaf34ae665a::68e142f0-bb28-8329-a50e-fbaf34ae665a::S6::SC04,SC04,T0001p04,T0001p04,T0001,T0001,1,6136,90
68e142f0-bb28-8329-a50e-fbaf34ae665a::68e142f0-bb28-8329-a50e-fbaf34ae665a::S6,68e142f0-bb28-8329-a50e-fbaf34ae665a::68e142f0-bb28-8329-a50e-fbaf34ae665a::S6::SC05,SC05,T0001p05,T0001p05,T0001,T0001,1,5802,90
68e142f0-bb28-8329-a50e-fbaf34ae665a::68e142f0-bb28-8329-a50e-fbaf34ae665a::S6,68e142f0-bb28-8329-a50e-fbaf34ae665a::68e142f0-bb28-8329-a50e-fbaf34ae665a::S6::SC06,SC06,T0001p06,T0001p06,T0001,T0001,1,6389,65
68e142f0-bb28-8329-a50e-fbaf34ae665a::68e142f0-bb28-8329-a50e-fbaf34ae665a::S6,68e142f0-bb28-8329-a50e-fbaf34ae665a::68e142f0-bb28-8329-a50e-fbaf34ae665a::S6::SC07,SC07,T0001p07,T0001p07,T0001,T0001,1,6437,90
68e142f0-bb28-8329-a50e-fbaf34ae665a::68e142f0-bb28-8329-a50e-fbaf34ae665a::S6,68e142f0-bb28-8329-a50e-fbaf34ae665a::68e142f0-bb28-8329-a50e-fbaf34ae665a::S6::SC08,SC08,T0001p08,T0006,T0001,T0006,6,7656,90
68e142f0-bb28-8329-a50e-fbaf34ae665a::68e142f0-bb28-8329-a50e-fbaf34ae665a::S6,68e142f0-bb28-8329-a50e-fbaf34ae665a::68e142f0-bb28-8329-a50e-fbaf34ae665a::S6::SC09,SC09,T0007,T0015,T0007,T0015,9,7628,90
68e142f0-bb28-8329-a50e-fbaf34ae665a::68e142f0-bb28-8329-a50e-fbaf34ae665a::S6,68e142f0-bb28-8329-a50e-fbaf34ae665a::68e142f0-bb28-8329-a50e-fbaf34ae665a::S6::SC10,SC10,T0016,T0018,T0016,T0018,3,5244,90
68e142f0-bb28-8329-a50e-fbaf34ae665a::68e142f0-bb28-8329-a50e-fbaf34ae665a::S6,68e142f0-bb28-8329-a50e-fbaf34ae665a::68e142f0-bb28-8329-a50e-fbaf34ae665a::S6::SC11,SC11,T0019,T0022,T0019,T0022,4,4717,90
68e142f0-bb28-8329-a50e-fbaf34ae665a::68e142f0-bb28-8329-a50e-fbaf34ae665a::S6,68e142f0-bb28-8329-a50e-fbaf34ae665a::68e142f0-bb28-8329-a50e-fbaf34ae665a::S6::SC12,SC12,T0023p01,T0023p01,T0023,T0023,1,6442,90
68e142f0-bb28-8329-a50e-fbaf34ae665a::68e142f0-bb28-8329-a50e-fbaf34ae665a::S6,68e142f0-bb28-8329-a50e-fbaf34ae665a::68e142f0-bb28-8329-a50e-fbaf34ae665a::S6::SC13,SC13,T0023p02,T0023p02,T0023,T0023,1,6438,90
68e142f0-bb28-8329-a50e-fbaf34ae665a::68e142f0-bb28-8329-a50e-fbaf34ae665a::S6,68e142f0-bb28-8329-a50e-fbaf34ae665a::68e142f0-bb28-8329-a50e-fbaf34ae665a::S6::SC14,SC14,T0023p03,T0023p03,T0023,T0023,1,6294,60
68e142f0-bb28-8329-a50e-fbaf34ae665a::68e142f0-bb28-8329-a50e-fbaf34ae665a::S6,68e142f0-bb28-8329-a50e-fbaf34ae665a::68e142f0-bb28-8329-a50e-fbaf34ae665a::S6::SC15,SC15,T0023p04,T0023p04,T0023,T0023,1,6321,95
68e142f0-bb28-8329-a50e-fbaf34ae665a::68e142f0-bb28-8329-a50e-fbaf34ae665a::S6,68e142f0-bb28-8329-a50e-fbaf34ae665a::68e142f0-bb28-8329-a50e-fbaf34ae665a::S6::SC16,SC16,T0023p05,T0023p05,T0023,T0023,1,2905,95
68e142f0-bb28-8329-a50e-fbaf34ae665a::68e142f0-bb28-8329-a50e-fbaf34ae665a::S6,68e142f0-bb28-8329-a50e-fbaf34ae665a::68e142f0-bb28-8329-a50e-fbaf34ae665a::S6::SC17,SC17,T0023p06,T0023p06,T0023,T0023,1,6444,90
68e142f0-bb28-8329-a50e-fbaf34ae665a::68e142f0-bb28-8329-a50e-fbaf34ae665a::S6,68e142f0-bb28-8329-a50e-fbaf34ae665a::68e142f0-bb28-8329-a50e-fbaf34ae665a::S6::SC18,SC18,T0023p07,T0023p08,T0023,T0023,2,7753,90
68e142f0-bb28-8329-a50e-fbaf34ae665a::68e142f0-bb28-8329-a50e-fbaf34ae665a::S6,68e142f0-bb28-8329-a50e-fbaf34ae665a::68e142f0-bb28-8329-a50e-fbaf34ae665a::S6::SC19,SC19,T0024,T0027,T0024,T0027,4,4779,90
68e142f0-bb28-8329-a50e-fbaf34ae665a::68e142f0-bb28-8329-a50e-fbaf34ae665a::S6,68e142f0-bb28-8329-a50e-fbaf34ae665a::68e142f0-bb28-8329-a50e-fbaf34ae665a::S6::SC20,SC20,T0028,T0032,T0028,T0032,5,4612,90
68e142f0-bb28-8329-a50e-fbaf34ae665a::68e142f0-bb28-8329-a50e-fbaf34ae665a::S6,68e142f0-bb28-8329-a50e-fbaf34ae665a::68e142f0-bb28-8329-a50e-fbaf34ae665a::S6::SC21,SC21,T0033p01,T0033p01,T0033,T0033,1,6372,60
68e142f0-bb28-8329-a50e-fbaf34ae665a::68e142f0-bb28-8329-a50e-fbaf34ae665a::S6,68e142f0-bb28-8329-a50e-fbaf34ae665a::68e142f0-bb28-8329-a50e-fbaf34ae665a::S6::SC22,SC22,T0033p02,T0034,T0033,T0034,2,2681,95
68e142f0-bb28-8329-a50e-fbaf34ae665a::68e142f0-bb28-8329-a50e-fbaf34ae665a::S6,68e142f0-bb28-8329-a50e-fbaf34ae665a::68e142f0-bb28-8329-a50e-fbaf34ae665a::S6::SC23,SC23,T0035,T0035,T0035,T0035,1,7848,60
68e142f0-bb28-8329-a50e-fbaf34ae665a::68e142f0-bb28-8329-a50e-fbaf34ae665a::S6,68e142f0-bb28-8329-a50e-fbaf34ae665a::68e142f0-bb28-8329-a50e-fbaf34ae665a::S6::SC24,SC24,T0036,T0041,T0036,T0041,6,6490,60
68e142f0-bb28-8329-a50e-fbaf34ae665a::68e142f0-bb28-8329-a50e-fbaf34ae665a::S6,68e142f0-bb28-8329-a50e-fbaf34ae665a::68e142f0-bb28-8329-a50e-fbaf34ae665a::S6::SC25,SC25,T0042,T0043,T0042,T0043,2,2478,90
68e73daf-26b0-8325-80fb-3239ed981992::68e73daf-26b0-8325-80fb-3239ed981992::S2,68e73daf-26b0-8325-80fb-3239ed981992::68e73daf-26b0-8325-80fb-3239ed981992::S2::SC01,SC01,T0001p01,T0001p01,T0001,T0001,1,6408,60
68e73daf-26b0-8325-80fb-3239ed981992::68e73daf-26b0-8325-80fb-3239ed981992::S2,68e73daf-26b0-8325-80fb-3239ed981992::68e73daf-26b0-8325-80fb-3239ed981992::S2::SC02,SC02,T0001p02,T0001p02,T0001,T0001,1,6325,90
68e73daf-26b0-8325-80fb-3239ed981992::68e73daf-26b0-8325-80fb-3239ed981992::S2,68e73daf-26b0-8325-80fb-3239ed981992::68e73daf-26b0-8325-80fb-3239ed981992::S2::SC03,SC03,T0001p03,T0001p03,T0001,T0001,1,6400,90
68e73daf-26b0-8325-80fb-3239ed981992::68e73daf-26b0-8325-80fb-3239ed981992::S2,68e73daf-26b0-8325-80fb-3239ed981992::68e73daf-26b0-8325-80fb-3239ed981992::S2::SC04,SC04,T0001p04,T0001p04,T0001,T0001,1,6227,65
68e73daf-26b0-8325-80fb-3239ed981992::68e73daf-26b0-8325-80fb-3239ed981992::S2,68e73daf-26b0-8325-80fb-3239ed981992::68e73daf-26b0-8325-80fb-3239ed981992::S2::SC05,SC05,T0001p05,T0001p05,T0001,T0001,1,6444,90
68e73daf-26b0-8325-80fb-3239ed981992::68e73daf-26b0-8325-80fb-3239ed981992::S2,68e73daf-26b0-8325-80fb-3239ed981992::68e73daf-26b0-8325-80fb-3239ed981992::S2::SC06,SC06,T0001p06,T0001p06,T0001,T0001,1,6302,90
68e73daf-26b0-8325-80fb-3239ed981992::68e73daf-26b0-8325-80fb-3239ed981992::S2,68e73daf-26b0-8325-80fb-3239ed981992::68e73daf-26b0-8325-80fb-3239ed981992::S2::SC07,SC07,T0001p07,T0003,T0001,T0003,3,6823,60
68e73daf-26b0-8325-80fb-3239ed981992::68e73daf-26b0-8325-80fb-3239ed981992::S2,68e73daf-26b0-8325-80fb-3239ed981992::68e73daf-26b0-8325-80fb-3239ed981992::S2::SC08,SC08,T0004,T0005p01,T0004,T0005,2,7733,60
68e73daf-26b0-8325-80fb-3239ed981992::68e73daf-26b0-8325-80fb-3239ed981992::S2,68e73daf-26b0-8325-80fb-3239ed981992::68e73daf-26b0-8325-80fb-3239ed981992::S2::SC09,SC09,T0005p02,T0015,T0005,T0015,11,6672,90
68e73daf-26b0-8325-80fb-3239ed981992::68e73daf-26b0-8325-80fb-3239ed981992::S2,68e73daf-26b0-8325-80fb-3239ed981992::68e73daf-26b0-8325-80fb-3239ed981992::S2::SC10,SC10,T0016,T0016,T0016,T0016,1,1544,90
68e7d7f1-b2a0-832a-92bf-020d25f680a7::68e7d7f1-b2a0-832a-92bf-020d25f680a7::S2,68e7d7f1-b2a0-832a-92bf-020d25f680a7::68e7d7f1-b2a0-832a-92bf-020d25f680a7::S2::SC01,SC01,T0001p01,T0001p01,T0001,T0001,1,6439,95
68e7d7f1-b2a0-832a-92bf-020d25f680a7::68e7d7f1-b2a0-832a-92bf-020d25f680a7::S2,68e7d7f1-b2a0-832a-92bf-020d25f680a7::68e7d7f1-b2a0-832a-92bf-020d25f680a7::S2::SC02,SC02,T0001p02,T0002,T0001,T0002,2,5911,95
68e7d7f1-b2a0-832a-92bf-020d25f680a7::68e7d7f1-b2a0-832a-92bf-020d25f680a7::S2,68e7d7f1-b2a0-832a-92bf-020d25f680a7::68e7d7f1-b2a0-832a-92bf-020d25f680a7::S2::SC03,SC03,T0003p01,T0003p01,T0003,T0003,1,6408,60
68e7d7f1-b2a0-832a-92bf-020d25f680a7::68e7d7f1-b2a0-832a-92bf-020d25f680a7::S2,68e7d7f1-b2a0-832a-92bf-020d25f680a7::68e7d7f1-b2a0-832a-92bf-020d25f680a7::S2::SC04,SC04,T0003p02,T0003p02,T0003,T0003,1,6325,90
68e7d7f1-b2a0-832a-92bf-020d25f680a7::68e7d7f1-b2a0-832a-92bf-020d25f680a7::S2,68e7d7f1-b2a0-832a-92bf-020d25f680a7::68e7d7f1-b2a0-832a-92bf-020d25f680a7::S2::SC05,SC05,T0003p03,T0003p03,T0003,T0003,1,6400,90
68e7d7f1-b2a0-832a-92bf-020d25f680a7::68e7d7f1-b2a0-832a-92bf-020d25f680a7::S2,68e7d7f1-b2a0-832a-92bf-020d25f680a7::68e7d7f1-b2a0-832a-92bf-020d25f680a7::S2::SC06,SC06,T0003p04,T0003p04,T0003,T0003,1,6227,65
68e7d7f1-b2a0-832a-92bf-020d25f680a7::68e7d7f1-b2a0-832a-92bf-020d25f680a7::S2,68e7d7f1-b2a0-832a-92bf-020d25f680a7::68e7d7f1-b2a0-832a-92bf-020d25f680a7::S2::SC07,SC07,T0003p05,T0003p05,T0003,T0003,1,6444,90
68e7d7f1-b2a0-832a-92bf-020d25f680a7::68e7d7f1-b2a0-832a-92bf-020d25f680a7::S2,68e7d7f1-b2a0-832a-92bf-020d25f680a7::68e7d7f1-b2a0-832a-92bf-020d25f680a7::S2::SC08,SC08,T0003p06,T0003p06,T0003,T0003,1,6302,90
68e7d7f1-b2a0-832a-92bf-020d25f680a7::68e7d7f1-b2a0-832a-92bf-020d25f680a7::S2,68e7d7f1-b2a0-832a-92bf-020d25f680a7::68e7d7f1-b2a0-832a-92bf-020d25f680a7::S2::SC09,SC09,T0003p07,T0003p07,T0003,T0003,1,5603,65
68e7d7f1-b2a0-832a-92bf-020d25f680a7::68e7d7f1-b2a0-832a-92bf-020d25f680a7::S2,68e7d7f1-b2a0-832a-92bf-020d25f680a7::68e7d7f1-b2a0-832a-92bf-020d25f680a7::S2::SC10,SC10,T0004p01,T0004p01,T0004,T0004,1,6272,95
68e7d7f1-b2a0-832a-92bf-020d25f680a7::68e7d7f1-b2a0-832a-92bf-020d25f680a7::S2,68e7d7f1-b2a0-832a-92bf-020d25f680a7::68e7d7f1-b2a0-832a-92bf-020d25f680a7::S2::SC11,SC11,T0004p02,T0004p02,T0004,T0004,1,6377,65
68e7d7f1-b2a0-832a-92bf-020d25f680a7::68e7d7f1-b2a0-832a-92bf-020d25f680a7::S2,68e7d7f1-b2a0-832a-92bf-020d25f680a7::68e7d7f1-b2a0-832a-92bf-020d25f680a7::S2::SC12,SC12,T0004p03,T0009,T0004,T0009,6,7553,60
68e7d7f1-b2a0-832a-92bf-020d25f680a7::68e7d7f1-b2a0-832a-92bf-020d25f680a7::S2,68e7d7f1-b2a0-832a-92bf-020d25f680a7::68e7d7f1-b2a0-832a-92bf-020d25f680a7::S2::SC13,SC13,T0010,T0019,T0010,T0019,10,7611,60
68e81bb3-f06c-832c-a2b3-c41b2811bc5d::68e81bb3-f06c-832c-a2b3-c41b2811bc5d::S2,68e81bb3-f06c-832c-a2b3-c41b2811bc5d::68e81bb3-f06c-832c-a2b3-c41b2811bc5d::S2::SC01,SC01,T0001,T0011,T0001,T0011,11,7388,90
68e81bb3-f06c-832c-a2b3-c41b2811bc5d::68e81bb3-f06c-832c-a2b3-c41b2811bc5d::S2,68e81bb3-f06c-832c-a2b3-c41b2811bc5d::68e81bb3-f06c-832c-a2b3-c41b2811bc5d::S2::SC02,SC02,T0012,T0015p01,T0012,T0015,4,7802,60
68e81bb3-f06c-832c-a2b3-c41b2811bc5d::68e81bb3-f06c-832c-a2b3-c41b2811bc5d::S2,68e81bb3-f06c-832c-a2b3-c41b2811bc5d::68e81bb3-f06c-832c-a2b3-c41b2811bc5d::S2::SC03,SC03,T0015p02,T0015p02,T0015,T0015,1,6325,90
68e81bb3-f06c-832c-a2b3-c41b2811bc5d::68e81bb3-f06c-832c-a2b3-c41b2811bc5d::S2,68e81bb3-f06c-832c-a2b3-c41b2811bc5d::68e81bb3-f06c-832c-a2b3-c41b2811bc5d::S2::SC04,SC04,T0015p03,T0015p03,T0015,T0015,1,6400,90
68e81bb3-f06c-832c-a2b3-c41b2811bc5d::68e81bb3-f06c-832c-a2b3-c41b2811bc5d::S2,68e81bb3-f06c-832c-a2b3-c41b2811bc5d::68e81bb3-f06c-832c-a2b3-c41b2811bc5d::S2::SC05,SC05,T0015p04,T0015p04,T0015,T0015,1,6227,65
68e81bb3-f06c-832c-a2b3-c41b2811bc5d::68e81bb3-f06c-832c-a2b3-c41b2811bc5d::S2,68e81bb3-f06c-832c-a2b3-c41b2811bc5d::68e81bb3-f06c-832c-a2b3-c41b2811bc5d::S2::SC06,SC06,T0015p05,T0015p06,T0015,T0015,2,7258,90
68e81bb3-f06c-832c-a2b3-c41b2811bc5d::68e81bb3-f06c-832c-a2b3-c41b2811bc5d::S2,68e81bb3-f06c-832c-a2b3-c41b2811bc5d::68e81bb3-f06c-832c-a2b3-c41b2811bc5d::S2::SC07,SC07,T0016,T0026,T0016,T0026,11,6886,60
68e81bb3-f06c-832c-a2b3-c41b2811bc5d::68e81bb3-f06c-832c-a2b3-c41b2811bc5d::S2,68e81bb3-f06c-832c-a2b3-c41b2811bc5d::68e81bb3-f06c-832c-a2b3-c41b2811bc5d::S2::SC08,SC08,T0027,T0030,T0027,T0030,4,5058,90
68fb66e3-7254-832a-b1e2-55c740304652::68fb66e3-7254-832a-b1e2-55c740304652::S4,68fb66e3-7254-832a-b1e2-55c740304652::68fb66e3-7254-832a-b1e2-55c740304652::S4::SC01,SC01,T0001,T0006,T0001,T0006,6,6136,60
68fb66e3-7254-832a-b1e2-55c740304652::68fb66e3-7254-832a-b1e2-55c740304652::S4,68fb66e3-7254-832a-b1e2-55c740304652::68fb66e3-7254-832a-b1e2-55c740304652::S4::SC02,SC02,T0007,T0007,T0007,T0007,1,6965,90
68fb66e3-7254-832a-b1e2-55c740304652::68fb66e3-7254-832a-b1e2-55c740304652::S4,68fb66e3-7254-832a-b1e2-55c740304652::68fb66e3-7254-832a-b1e2-55c740304652::S4::SC03,SC03,T0008,T0010,T0008,T0010,3,6246,90
68fb66e3-7254-832a-b1e2-55c740304652::68fb66e3-7254-832a-b1e2-55c740304652::S4,68fb66e3-7254-832a-b1e2-55c740304652::68fb66e3-7254-832a-b1e2-55c740304652::S4::SC04,SC04,T0011,T0013,T0011,T0013,3,5039,90
68fb66e3-7254-832a-b1e2-55c740304652::68fb66e3-7254-832a-b1e2-55c740304652::S4,68fb66e3-7254-832a-b1e2-55c740304652::68fb66e3-7254-832a-b1e2-55c740304652::S4::SC05,SC05,T0014,T0014,T0014,T0014,1,6824,90
68fb66e3-7254-832a-b1e2-55c740304652::68fb66e3-7254-832a-b1e2-55c740304652::S4,68fb66e3-7254-832a-b1e2-55c740304652::68fb66e3-7254-832a-b1e2-55c740304652::S4::SC06,SC06,T0015p01,T0015p01,T0015,T0015,1,6445,90
68fb66e3-7254-832a-b1e2-55c740304652::68fb66e3-7254-832a-b1e2-55c740304652::S4,68fb66e3-7254-832a-b1e2-55c740304652::68fb66e3-7254-832a-b1e2-55c740304652::S4::SC07,SC07,T0015p02,T0015p02,T0015,T0015,1,6445,90
68fb66e3-7254-832a-b1e2-55c740304652::68fb66e3-7254-832a-b1e2-55c740304652::S4,68fb66e3-7254-832a-b1e2-55c740304652::68fb66e3-7254-832a-b1e2-55c740304652::S4::SC08,SC08,T0015p03,T0015p04,T0015,T0015,2,7278,90
68fb66e3-7254-832a-b1e2-55c740304652::68fb66e3-7254-832a-b1e2-55c740304652::S4,68fb66e3-7254-832a-b1e2-55c740304652::68fb66e3-7254-832a-b1e2-55c740304652::S4::SC09,SC09,T0016,T0018,T0016,T0018,3,4580,90
