date,file,chars,h3_count
2025-04-03,2025-04-03.md,57200,132
2025-04-09,2025-04-09.md,2655,11
2025-04-14,2025-04-14.md,4270,16
2025-04-18,2025-04-18.md,3415,9
2025-04-19,2025-04-19.md,20399,55
2025-04-22,2025-04-22.md,30764,47
2025-04-23,2025-04-23.md,6118,11
2025-04-25,2025-04-25.md,8580,19
2025-04-27,2025-04-27.md,33367,52
2025-04-28,2025-04-28.md,47315,66
2025-04-29,2025-04-29.md,29334,59
2025-04-30,2025-04-30.md,97408,257
2025-05-02,2025-05-02.md,3716,15
2025-05-23,2025-05-23.md,2951,4
2025-05-31,2025-05-31.md,30648,10
2025-06-09,2025-06-09.md,16867,29
2025-06-10,2025-06-10.md,18162,45
2025-06-14,2025-06-14.md,51065,96
2025-06-16,2025-06-16.md,11731,23
2025-06-17,2025-06-17.md,22775,59
2025-06-18,2025-06-18.md,4832,15
2025-06-19,2025-06-19.md,2042,4
2025-06-22,2025-06-22.md,36064,78
2025-06-23,2025-06-23.md,56610,81
2025-06-24,2025-06-24.md,154315,295
2025-06-25,2025-06-25.md,175399,301
2025-06-26,2025-06-26.md,462188,390
2025-06-27,2025-06-27.md,247234,314
2025-06-28,2025-06-28.md,112971,186
2025-06-29,2025-06-29.md,455919,599
2025-06-30,2025-06-30.md,407064,521
2025-07-01,2025-07-01.md,231141,387
2025-07-02,2025-07-02.md,450249,636
2025-07-03,2025-07-03.md,24662,41
2025-07-05,2025-07-05.md,49862,20
2025-07-06,2025-07-06.md,425013,671
2025-07-07,2025-07-07.md,223375,326
2025-07-08,2025-07-08.md,348401,667
2025-07-09,2025-07-09.md,67857,103
2025-07-10,2025-07-10.md,117087,214
2025-07-11,2025-07-11.md,4153,10
2025-07-13,2025-07-13.md,27788,26
2025-07-14,2025-07-14.md,233228,247
2025-07-15,2025-07-15.md,334199,350
2025-07-16,2025-07-16.md,121631,184
2025-07-17,2025-07-17.md,841162,1060
2025-07-19,2025-07-19.md,7644,20
2025-07-20,2025-07-20.md,131138,142
2025-07-21,2025-07-21.md,54242,94
2025-07-22,2025-07-22.md,299515,377
2025-07-23,2025-07-23.md,558093,675
2025-07-24,2025-07-24.md,635559,751
2025-07-25,2025-07-25.md,151326,147
2025-07-26,2025-07-26.md,179259,200
2025-07-27,2025-07-27.md,497473,684
2025-07-28,2025-07-28.md,47109,67
2025-07-29,2025-07-29.md,237952,326
2025-07-30,2025-07-30.md,229810,241
2025-07-31,2025-07-31.md,355215,445
2025-08-01,2025-08-01.md,504518,503
2025-08-02,2025-08-02.md,182869,162
2025-08-03,2025-08-03.md,55772,82
2025-08-04,2025-08-04.md,411586,225
2025-08-05,2025-08-05.md,32100,34
2025-08-06,2025-08-06.md,489188,282
2025-08-07,2025-08-07.md,152733,55
2025-08-08,2025-08-08.md,133056,126
2025-08-09,2025-08-09.md,64767,84
2025-08-10,2025-08-10.md,163957,84
2025-08-11,2025-08-11.md,370430,159
2025-08-12,2025-08-12.md,269314,110
2025-08-13,2025-08-13.md,482808,381
2025-08-14,2025-08-14.md,534514,628
2025-08-15,2025-08-15.md,844062,551
2025-08-16,2025-08-16.md,398526,275
2025-08-17,2025-08-17.md,1072060,536
